id,manufacturer,model,property,value,unit,conditions,source_url,source_sha256,pdf_page,document_revision,checked_at,verification,review_method,engineering_approval
SPEC-001,galvi,N(NV)…HYD,calculation friction coefficient,0.42,1,"Published lining calculation assumption, not measured coefficient across all conditions",http://www.galvi.com/moduli/catalogo/schedatecnica/1,2450e36c33806d28c8f9b2a0df5a18c00e5b40b454f6c08aea03f0c9cf27df77,,,2026-09-07,source-checked by AI; not independently tested,archived official product-page text,not approved as design input
SPEC-002,galvi,PD / PL,PD material option,EN-GJL-250,grade,Published cast-iron option; select actual version and duty before comparison,http://www.galvi.com/moduli/catalogo/schedatecnica/12,4a87aaa659417f5b116b36d459360754c7a98f18622deb6285baf798355772d2,,,2026-09-07,source-checked by AI; not independently tested,archived official product-page text,not approved as design input
SPEC-003,galvi,PD / PL,alternative material option,EN-GJS-500-7,grade,Published ductile-iron option; not interchangeable without engineering review,http://www.galvi.com/moduli/catalogo/schedatecnica/12,4a87aaa659417f5b116b36d459360754c7a98f18622deb6285baf798355772d2,,,2026-09-07,source-checked by AI; not independently tested,archived official product-page text,not approved as design input
SPEC-004,dellner-bubenzer,CMB-3 for SF,ambient temperature range,-20 to +70,deg C,Monitoring unit rating; not brake friction-surface temperature,https://www.dellnerbubenzer.com/products/cmb-3-for-sf-brakes,b0285c31a1fc6b8c27aabe5d9be2f5528976cef59bdd50e5a8998447ef7a55ab,,,2026-09-07,source-checked by AI; not independently tested,archived official product-page text,not approved as design input
SPEC-005,dellner-bubenzer,CMB-3 for SF,enclosure protection,IP65,rating,Published standard unit enclosure rating,https://www.dellnerbubenzer.com/products/cmb-3-for-sf-brakes,b0285c31a1fc6b8c27aabe5d9be2f5528976cef59bdd50e5a8998447ef7a55ab,,,2026-09-07,source-checked by AI; not independently tested,archived official product-page text,not approved as design input
SPEC-006,dellner-bubenzer,CMB-3 for SF,fieldbus options,Profibus / Profinet,interface,Options described on product page; confirm selected configuration,https://www.dellnerbubenzer.com/products/cmb-3-for-sf-brakes,b0285c31a1fc6b8c27aabe5d9be2f5528976cef59bdd50e5a8998447ef7a55ab,,,2026-09-07,source-checked by AI; not independently tested,archived official product-page text,not approved as design input
SPEC-007,sibre,SHI 75-1,clamping force,18.3,kN,Air gap c = 1 mm; FA in manufacturer table,https://www.sibre.de/wp-content/uploads/2022/05/SHI_75_2021.pdf,87cfb89eebcbc66d97b77862e97d838c7d80bd679791ee2e9e3db48e398bdbd3,1,M 1501 306 E-DE-2017-01,2026-09-07,source-checked by AI; not independently tested,rendered PDF page and extracted text,not approved as design input
SPEC-008,sibre,SHI 75-1,release pressure,45,bar,Type 75-1; distinguish release pressure from maximum pressure,https://www.sibre.de/wp-content/uploads/2022/05/SHI_75_2021.pdf,87cfb89eebcbc66d97b77862e97d838c7d80bd679791ee2e9e3db48e398bdbd3,1,M 1501 306 E-DE-2017-01,2026-09-07,source-checked by AI; not independently tested,rendered PDF page and extracted text,not approved as design input
SPEC-009,sibre,SHI 75-1,maximum pressure,85,bar,Type 75-1; manufacturer hydraulic limit,https://www.sibre.de/wp-content/uploads/2022/05/SHI_75_2021.pdf,87cfb89eebcbc66d97b77862e97d838c7d80bd679791ee2e9e3db48e398bdbd3,1,M 1501 306 E-DE-2017-01,2026-09-07,source-checked by AI; not independently tested,rendered PDF page and extracted text,not approved as design input
SPEC-010,stromag,SH32,maximum braking torque,458000,N m,Overview maximum specifically at disc diameter 3000 mm; not every SH configuration,https://www.stromag.com/-/media/Project/Altramotion/shared/files/Literature/brand/stromag/catalogs/mcc-p-8518-sg-en-a4-web.pdf?rev=d1104cc1554a466487df155561b85270,d0320fa92a53d3f2b8424ad6154be1e5a25037e96734d79ca4803395351c8f51,61,MCC-P-8518-SG-EN-A4 04/25,2026-09-07,source-checked by AI; not independently tested,rendered PDF page and extracted text,not approved as design input
SPEC-011,stromag,SH / SHV,overview disc diameter range,300 to 3000,mm,Family overview; individual model selection still required,https://www.stromag.com/-/media/Project/Altramotion/shared/files/Literature/brand/stromag/catalogs/mcc-p-8518-sg-en-a4-web.pdf?rev=d1104cc1554a466487df155561b85270,d0320fa92a53d3f2b8424ad6154be1e5a25037e96734d79ca4803395351c8f51,61,MCC-P-8518-SG-EN-A4 04/25,2026-09-07,source-checked by AI; not independently tested,rendered PDF page and extracted text,not approved as design input
SPEC-012,stromag,TH / THC,overview disc diameter range,1000 to 2000,mm,Family overview; individual model selection still required,https://www.stromag.com/-/media/Project/Altramotion/shared/files/Literature/brand/stromag/catalogs/mcc-p-8518-sg-en-a4-web.pdf?rev=d1104cc1554a466487df155561b85270,d0320fa92a53d3f2b8424ad6154be1e5a25037e96734d79ca4803395351c8f51,61,MCC-P-8518-SG-EN-A4 04/25,2026-09-07,source-checked by AI; not independently tested,rendered PDF page and extracted text,not approved as design input
SPEC-013,twiflex,MU3,maximum braking force,2.75,kN,At 5 bar; conditioned pads; nominal friction coefficient 0.4,https://www.twiflex.com/-/media/project/altramotion/shared/files/literature/brand/twiflex-limited/catalogs/p-1648-tf.pdf?rev=920b53b1879149a08c1962382d264058,644a8ed2bafcf3c662d28f8464a6b1c717abb65c356e1a00cfb5b38cb38b47db,8,P-1648-TF 3/21; printed page 6,2026-09-07,source-checked by AI; not independently tested,rendered PDF page and extracted text,not approved as design input
SPEC-014,twiflex,MU3,maximum pressure,5,bar,Pneumatic applied / spring released variant,https://www.twiflex.com/-/media/project/altramotion/shared/files/literature/brand/twiflex-limited/catalogs/p-1648-tf.pdf?rev=920b53b1879149a08c1962382d264058,644a8ed2bafcf3c662d28f8464a6b1c717abb65c356e1a00cfb5b38cb38b47db,8,P-1648-TF 3/21; printed page 6,2026-09-07,source-checked by AI; not independently tested,rendered PDF page and extracted text,not approved as design input
SPEC-015,twiflex,MU series,minimum disc diameter,150,mm,Series guidance; mounting and specific variant require review,https://www.twiflex.com/-/media/project/altramotion/shared/files/literature/brand/twiflex-limited/catalogs/p-1648-tf.pdf?rev=920b53b1879149a08c1962382d264058,644a8ed2bafcf3c662d28f8464a6b1c717abb65c356e1a00cfb5b38cb38b47db,8,P-1648-TF 3/21; printed page 6,2026-09-07,source-checked by AI; not independently tested,rendered PDF page and extracted text,not approved as design input
SPEC-016,svendborg,BSFI 100 MONOspring,maximum operating pressure,23.0,MPa,Catalogue specification; do not generalize to other BSFI models,https://svendborg-brakes.com/media/enuo1zu4/product-catalogue.pdf,e8078a73e7e4072d7daf7dc7cedacb33a8ed228c2bc1551d9f0d838293e43b59,5,P-7575-SV 7/20; printed page 4,2026-09-07,source-checked by AI; not independently tested,rendered PDF page and extracted text,not approved as design input
SPEC-017,svendborg,BSFI 100 MONOspring,general operating temperature,-20 to +70,deg C,Manufacturer requests consultation outside range; not friction-surface limit,https://svendborg-brakes.com/media/enuo1zu4/product-catalogue.pdf,e8078a73e7e4072d7daf7dc7cedacb33a8ed228c2bc1551d9f0d838293e43b59,5,P-7575-SV 7/20; printed page 4,2026-09-07,source-checked by AI; not independently tested,rendered PDF page and extracted text,not approved as design input
SPEC-018,svendborg,BSFI 100 MONOspring,actuating time guide,0.4,s,"Guide value for calculation, not a guaranteed response in every installation",https://svendborg-brakes.com/media/enuo1zu4/product-catalogue.pdf,e8078a73e7e4072d7daf7dc7cedacb33a8ed228c2bc1551d9f0d838293e43b59,5,P-7575-SV 7/20; printed page 4,2026-09-07,source-checked by AI; not independently tested,rendered PDF page and extracted text,not approved as design input
SPEC-019,mondel,Angled brake wheel; OD 8 in,maximum speed,5000,rpm,"8-inch OD row, angled wheel table; shaft/interface suitability separately required",https://www.cmco.com/globalassets/inriver/resources/MH638_Brake-Accessories-Brochure-FINAL.pdf,7e6d04f3c961dbc57ebc1b8b12c09c7da687195c405dfbd8c27038d5aac5decb,2,MH638 Brake Accessories 2/16,2026-09-07,source-checked by AI; not independently tested,rendered PDF page and extracted text,not approved as design input
SPEC-020,mondel,Angled brake wheel; OD 8 in,weight,32,lb,8-inch OD row; do not treat as finished custom bore mass,https://www.cmco.com/globalassets/inriver/resources/MH638_Brake-Accessories-Brochure-FINAL.pdf,7e6d04f3c961dbc57ebc1b8b12c09c7da687195c405dfbd8c27038d5aac5decb,2,MH638 Brake Accessories 2/16,2026-09-07,source-checked by AI; not independently tested,rendered PDF page and extracted text,not approved as design input
SPEC-021,mondel,Angled brake wheel; OD 8 in,heat dissipation,1800000,ft lbf/h,Published table figure; thermal boundary conditions not specified on this page,https://www.cmco.com/globalassets/inriver/resources/MH638_Brake-Accessories-Brochure-FINAL.pdf,7e6d04f3c961dbc57ebc1b8b12c09c7da687195c405dfbd8c27038d5aac5decb,2,MH638 Brake Accessories 2/16,2026-09-07,source-checked by AI; not independently tested,rendered PDF page and extracted text,not approved as design input
SPEC-022,emg,ELHY,ambient temperature range,-45 to +80,deg C,Family-level product-page claim; configuration and fluid must be confirmed,https://www.emg.elexis.group/solutions/safety-components/emg-elhy,386f6af91560f432f84903edcdbf5cf759ff64fcc45e70b45f1ac1684a36f648,,,2026-09-07,source-checked by AI; not independently tested,archived official product-page text,not approved as design input
SPEC-023,emg,ELHY,available enclosure protection,up to IP68,rating,"Configuration-dependent claim, not standard rating of every unit",https://www.emg.elexis.group/solutions/safety-components/emg-elhy,386f6af91560f432f84903edcdbf5cf759ff64fcc45e70b45f1ac1684a36f648,,,2026-09-07,source-checked by AI; not independently tested,archived official product-page text,not approved as design input
SPEC-024,emg,ELHY,factory testing claim,100% function and endurance run,manufacturer claim,Claim describes production testing; not independent validation or lifetime certification,https://www.emg.elexis.group/solutions/safety-components/emg-elhy,386f6af91560f432f84903edcdbf5cf759ff64fcc45e70b45f1ac1684a36f648,,,2026-09-07,source-checked by AI; not independently tested,archived official product-page text,not approved as design input
