manufacturer,title,source_url,sha256,record_type
dellner-bubenzer,Products | DELLNER BUBENZER | Leading the World in Braking System Design & Manufacturing,https://www.dellnerbubenzer.com/products,9e4ae8d22ba5b4df8c68ed552a56f0dbdcf0594c450727174e9c0da0c7fbcdb9,discovered page; product classification pending
dellner-bubenzer,Caliper / Disc Brakes | DELLNER BUBENZER | World Leader in Braking System Design & Manufacturing,https://www.dellnerbubenzer.com/product-types/caliper-disc-brakes,eaa132ae801e9e45d8057cd716b6eb08b0b416a6124b57a689128327c6f3c583,discovered page; product classification pending
dellner-bubenzer,Couplings | DELLNER BUBENZER | World Leader in Braking System Design & Manufacturing,https://www.dellnerbubenzer.com/product-types/couplings,73069e2c53c6e178d176646a34df8e4e607e91a4d081b192c50191f7636a70e6,discovered page; product classification pending
dellner-bubenzer,Drum & Band Brakes | DELLNER BUBENZER | World Leader in Braking System Design & Manufacturing,https://www.dellnerbubenzer.com/product-types/drum-band-brakes,9ecdfe8af52773de5b1eaf8f8305144ed2624b02ba3fe52c354fc69fa2c73ef0,discovered page; product classification pending
dellner-bubenzer,Hydraulic Systems | DELLNER BUBENZER | World Leader in Braking System Design & Manufacturing,https://www.dellnerbubenzer.com/product-types/hydraulic-systems,e32b4726991e6b7b3a25f7d7ad12f86b795ee56bd206950369d032cba6b8e422,discovered page; product classification pending
dellner-bubenzer,Locking Devices | DELLNER BUBENZER | World Leader in Braking System Design & Manufacturing,https://www.dellnerbubenzer.com/product-types/locking-devices,347f958354966c8a09397810c55b3bd3183efc60b008f4cd081f7a1def941ab4,discovered page; product classification pending
dellner-bubenzer,Monitoring & Control Systems | DELLNER BUBENZER | Leader in Braking System Design & Manufacturing,https://www.dellnerbubenzer.com/product-types/monitoring-control-systems,38ae1908be4863685261f10551e40cab0f9b64fab59be2c89cb67ec215663ce1,discovered page; product classification pending
dellner-bubenzer,Motor Mounted Brakes | DELLNER BUBENZER | World Leader in Braking System Design & Manufacturing,https://www.dellnerbubenzer.com/product-types/motor-mounted-brakes,20db2118f70a6e93a324cac11845006695dbe11f6171b322692d023c2949eb0f,discovered page; product classification pending
dellner-bubenzer,Pneumatic Drum Clutches & Brakes | DELLNER BUBENZER | Braking System Design & Manufacturing,https://www.dellnerbubenzer.com/product-types/pneumatic-drum-clutches-brakes,dc651a7aa823095d8d368e280f6840244d6ab0812684a7af66e2fca49abadb3c,discovered page; product classification pending
dellner-bubenzer,Stop Turn Lock Systems | DELLNER BUBENZER | World Leader in Braking System Design & Manufacturing,https://www.dellnerbubenzer.com/product-types/stop-turn-lock-systems,f8035f9a41dc1bc5a4da632832d7e8526d58c74a3f8fb579509a2c23080c12e6,discovered page; product classification pending
dellner-bubenzer,Storm Brakes (Rail & Wheel Brakes) | DELLNER BUBENZER | Braking System Design & Manufacturing,https://www.dellnerbubenzer.com/product-types/storm-brakes-rail-wheel-brakes,59ddd87ccc94e847aa0effc9d65c41d05600e377c63a783a7c1eb656db0d7266,discovered page; product classification pending
dellner-bubenzer,Thruster / BUEL® | DELLNER BUBENZER | World Leader in Braking System Design & Manufacturing,https://www.dellnerbubenzer.com/product-types/thruster-buel,db0c104d16c6e1b2e75f89fb905b04536e7856fb983da351d96e437c03ac6dcf,discovered page; product classification pending
dellner-bubenzer,Components & Accessories | DELLNER BUBENZER | World Leader in Braking System Design & Manufacturing,https://www.dellnerbubenzer.com/product-types/components-accessories,58768d7cf211678f51cb00f9b387e144b3136674a4ec6b11caa860b183e0930d,discovered page; product classification pending
dellner-bubenzer,WPT Disc Clutches & Brakes | DELLNER BUBENZER | Braking System Design & Manufacturing,https://www.dellnerbubenzer.com/product-types/wpt-disc-clutches-brakes,dfbe214b1fc8ccb5e7c85e60caf1c48f9f833651a79d8253d50db8fe7c55efb5,discovered page; product classification pending
dellner-bubenzer,Interchangeability | DELLNER BUBENZER | World Leader in Braking System Design & Manufacturing,https://www.dellnerbubenzer.com/products/interchangeability,22b8d94cc184a35c6c075b9d93ecbc546afa557cb0337f0803855cc61b359001,discovered page; product classification pending
dellner-bubenzer,Document Downloads | DELLNER BUBENZER | World Leader in Braking System Design & Manufacturing,https://www.dellnerbubenzer.com/products/document-downloads,a0f2bbe46502a9f7f97830e62544f50132df716d870a4f6a913530141f4c91df,discovered page; product classification pending
dellner-bubenzer,Braking System Design | DELLNER BUBENZER | World Leader in Braking System Design & Manufacturing,https://www.dellnerbubenzer.com/solutions/braking-system-design,20b56d6a4483207a34aac28c560e3a2a92524e48f55e8c9958745ca5adcee6a4,discovered page; product classification pending
dellner-bubenzer,Dellner Bubenzer Brakes Shenyang Ltd | Office Location | Braking System Design & Manufacturing,https://www.dellnerbubenzer.com/locations/dellner-bubenzer-brakes-shenyang-ltd,67278b93dc63b92f3fb80140717110a81f01a4ccb0ca53175333ba73208e28f5,discovered page; product classification pending
dellner-bubenzer,Dellner Bubenzer Brakes Shenyang Ltd | Office Location | Braking System Design & Manufacturing,https://www.dellnerbubenzer.com/locations/brakes-shenyang-ltd-shanghai-branch,b559f1057e89c068b94ab64693debe7cf5f83f7d97860f300a65a1890f1a9531,discovered page; product classification pending
dellner-bubenzer,Anti Sway Systems | Products | DELLNER BUBENZER,https://www.dellnerbubenzer.com/products/anti-sway-systems,7a851a556412186b3533fb6374dab75c94c6f8cb2de334f4634a99f47f94e842,discovered page; product classification pending
dellner-bubenzer,BAC  | Products | DELLNER BUBENZER,https://www.dellnerbubenzer.com/products/bac,6851ffc2fe486b26830dd7d010cbb89ceff5554cdf78cca34a2cdf9879c3c096,discovered page; product classification pending
dellner-bubenzer,BHB  | Products | DELLNER BUBENZER,https://www.dellnerbubenzer.com/products/bhb,e26599c39c4170bfedf64504c3143eb23493d8365b9a4a44cbcb505bb4c890bd,discovered page; product classification pending
dellner-bubenzer,BOSS® Brake Only Snag System  | Products | DELLNER BUBENZER,https://www.dellnerbubenzer.com/products/boss,d3d7e6a9200b3afe127498a2360ccd9082b366e307cfd9170d9d1ad2341aa6c2,discovered page; product classification pending
dellner-bubenzer,Brake Control Unit BCMS-X  | Products | DELLNER BUBENZER,https://www.dellnerbubenzer.com/products/brake-control-unit-bcms-x,f4d59e26de38062c68cfb2cd2017470c969a7bc33d157a775cce2e534baa3bb4,discovered page; product classification pending
dellner-bubenzer,Brake Control Unit BCU2001  | Products | DELLNER BUBENZER,https://www.dellnerbubenzer.com/products/brake-control-unit-bcu2001,06322a7e692aabaaa41b43a1e185d8e5bcc1a529fa152106599ea0a919e9eea8,discovered page; product classification pending
dellner-bubenzer,BRB 120  | Products | DELLNER BUBENZER,https://www.dellnerbubenzer.com/products/brb-120,6c1b6f0dd655a087b42a0ae0dfe5d929180fc83c508c29ed994c2ec974249b1f,discovered page; product classification pending
dellner-bubenzer,BSC   | Products | DELLNER BUBENZER,https://www.dellnerbubenzer.com/products/bsc,ecb3348725fe9d4067af257977029e9c709ce3887a44b04c6785ede2ea3dfd87,discovered page; product classification pending
dellner-bubenzer,Buel G  | Products | DELLNER BUBENZER,https://www.dellnerbubenzer.com/products/buel-g,1c820661af8c2682aae7217eebe4d2fc6ef55e35a43bb87acdfd41d3fd69cce4,discovered page; product classification pending
dellner-bubenzer,Buel H  | Products | DELLNER BUBENZER,https://www.dellnerbubenzer.com/products/buel-h,cfcc6a03dbbde4929ae7fd1cd08340b1ed84fa6316b76e2c42e84cecbcd4607d,discovered page; product classification pending
dellner-bubenzer,CMB-3 For SB Brakes  | Products | DELLNER BUBENZER,https://www.dellnerbubenzer.com/products/cmb-3-for-sb-brakes,3da77a7c6ac4a65ff349dc5d11a739d7e10c204a6d987540e06df67656fc951d,discovered page; product classification pending
dellner-bubenzer,CMB-3 For SF Brakes  | Products | DELLNER BUBENZER,https://www.dellnerbubenzer.com/products/cmb-3-for-sf-brakes,b0285c31a1fc6b8c27aabe5d9be2f5528976cef59bdd50e5a8998447ef7a55ab,discovered page; product classification pending
dellner-bubenzer,Compactus HPU | Products | DELLNER BUBENZER,https://www.dellnerbubenzer.com/products/compactus-hpu,d36461a038552c2e1f89fcfa764798c3320ebff35678fc9e5713cab40260618f,discovered page; product classification pending
dellner-bubenzer,DH HPU | Products | DELLNER BUBENZER,https://www.dellnerbubenzer.com/products/db-hpu,e7acc73dae82781f90866ff3e1258ad6413646ea612e617672b161dd7949030e,discovered page; product classification pending
dellner-bubenzer,DBRB | Products | DELLNER BUBENZER,https://www.dellnerbubenzer.com/products/dbrb,e2182b237144a3cad427c61642dbcc6f3721af7dcf18af2fa59e453dd63496ce,discovered page; product classification pending
dellner-bubenzer,DBRBe | Products | DELLNER BUBENZER,https://www.dellnerbubenzer.com/products/dbrbe,cfea86fabb773ec0db98fd4d09c2245695f723aeef75dd8ad070c3b92d56eeba,discovered page; product classification pending
dellner-bubenzer,DBSB | Products | DELLNER BUBENZER,https://www.dellnerbubenzer.com/products/dbsb,f79089d9d6413ff95c58400b00a1a59c61ec969d142e5f89c3349ef8244d293d,discovered page; product classification pending
dellner-bubenzer,DBSBT | Products | DELLNER BUBENZER,https://www.dellnerbubenzer.com/products/dbsbt,295c7bc049f507dd9700da060c19398bb7d2063151272301fddee3c6f67148e0,discovered page; product classification pending
dellner-bubenzer,Products | DELLNER BUBENZER | Leading the World in Braking System Design & Manufacturing,https://www.dellnerbubenzer.com/products?page=1&prop_ModuleId=1863,33191a91908f89b4788ebdfe718bc710ee51784ccd84825cb915c5182eba521c,discovered page; product classification pending
dellner-bubenzer,Products | DELLNER BUBENZER | Leading the World in Braking System Design & Manufacturing,https://www.dellnerbubenzer.com/products?page=2&prop_ModuleId=1863,fe99383f368d7fddbcf702811543fca0dc865df5f43a5b3dd8c8efae7259e5b3,discovered page; product classification pending
dellner-bubenzer,Products | DELLNER BUBENZER | Leading the World in Braking System Design & Manufacturing,https://www.dellnerbubenzer.com/products?page=3&prop_ModuleId=1863,71ddec4caeefc813036c865ce3ffa7db591a58a3396e29daa759878a3a6d2a7b,discovered page; product classification pending
dellner-bubenzer,Products | DELLNER BUBENZER | Leading the World in Braking System Design & Manufacturing,https://www.dellnerbubenzer.com/products?page=4&prop_ModuleId=1863,1d90ae4add382bfa99f142e768207162a002cf7005080c1e8b7e5cf0af80718a,discovered page; product classification pending
dellner-bubenzer,Products | DELLNER BUBENZER | Leading the World in Braking System Design & Manufacturing,https://www.dellnerbubenzer.com/products?page=5&prop_ModuleId=1863,7ff5eb8d1f9ca96b57a5c8ad1fecbd81403326898da00e6e4005f51d3134b5f7,discovered page; product classification pending
dellner-bubenzer,Products | DELLNER BUBENZER | Leading the World in Braking System Design & Manufacturing,https://www.dellnerbubenzer.com/products?page=6&prop_ModuleId=1863,ab316f4e2b06782549bf204f1611783b9f665f1468c30e5cee144cc21ac542af,discovered page; product classification pending
dellner-bubenzer,Wind Turbine Components | DELLNER BUBENZER | Braking System Design & Manufacturing,https://www.dellnerbubenzer.com/product-types/wind-turbine-components,9e4d2c2940596198bc4739c93ea5bcb26d6c4a491b641eb2d114727aab107453,discovered page; product classification pending
dellner-bubenzer,SB 16  | Products | DELLNER BUBENZER,https://www.dellnerbubenzer.com/products/sb-16,67b0e3f47fa0669c2954273d877a24784aa1167f0d87bff579a55fa827aa423e,discovered page; product classification pending
dellner-bubenzer,SB 17.3 MX  | Products | DELLNER BUBENZER,https://www.dellnerbubenzer.com/products/sb-17-3-mx,43c42b8733641dfa9ae379deade49f6dae89039b4b2ebf6d802eadb9d498d387,discovered page; product classification pending
dellner-bubenzer,SB 17.3 MXs  | Products | DELLNER BUBENZER,https://www.dellnerbubenzer.com/products/sb-17-3-mxs,6aa11c97ae49e62a6512b0248e2af6c35afb96cecf65581f6a705ba9fbc4ef58,discovered page; product classification pending
dellner-bubenzer,SB 22  | Products | DELLNER BUBENZER,https://www.dellnerbubenzer.com/products/sb-22,ec0b3da71dc7e0757f9322d0375af18ce4bd2cd12a2f829a08bced3211bfe867,discovered page; product classification pending
dellner-bubenzer,SB 23.3  | Products | DELLNER BUBENZER,https://www.dellnerbubenzer.com/products/sb-23-3,2a68497e92f1f2d575b2f0cc84cae736aaf5471ff06114cc6bd80ef727209d94,discovered page; product classification pending
dellner-bubenzer,SB 28.5 Disc Brake  | Products | DELLNER BUBENZER,https://www.dellnerbubenzer.com/products/sb-28-5,7076539e80d46553f15e52dba00fbc0d28848a6b8a21fbe6978e58829fbb2f4d,discovered page; product classification pending
dellner-bubenzer,SB 30  | Products | DELLNER BUBENZER,https://www.dellnerbubenzer.com/products/sb-30,5463872c63d2411f62ce9785e5445ac093fcb8d76e6a63e9b9cc3442eda4b084,discovered page; product classification pending
dellner-bubenzer,SB 8 Series  | Products | DELLNER BUBENZER,https://www.dellnerbubenzer.com/products/sb-8-series,0ccdd4542d1dc8a68bb817f0e6d9590b5c9a7fb8b79f96c37c9b61af1caaf27b,discovered page; product classification pending
dellner-bubenzer,SBS  | Products | DELLNER BUBENZER,https://www.dellnerbubenzer.com/products/sbs-safety-brake-system,dafa710ed63e3bd3e3982f9cbbfc21fbc6449752d0c53411fbe41c0bfcf24836,discovered page; product classification pending
dellner-bubenzer,SF 10-40  | Products | DELLNER BUBENZER,https://www.dellnerbubenzer.com/products/sf-10-40,b114f1ce5d3a522184fdcdf4124f3b6ce4e4b8328ab3a954bea8376ff7d33fa9,discovered page; product classification pending
dellner-bubenzer,SF 50  | Products | DELLNER BUBENZER,https://www.dellnerbubenzer.com/products/sf-50,87fa7536c88d3a4d11604ab6a901284f0f1671a3f4c7ae47a576c2898af756fd,discovered page; product classification pending
dellner-bubenzer,SKD 100 Active Brakes | Products | DELLNER BUBENZER,https://www.dellnerbubenzer.com/products/skd-100-active-brakes,c2a6bef768e1dde313c6d3d41da16f54a8892161723fc9feb917883237ab7ada,discovered page; product classification pending
dellner-bubenzer,SKD 140 Active Brakes | Products | DELLNER BUBENZER,https://www.dellnerbubenzer.com/products/skd-140-active-brakes,be698a8cf3101c874b95bbebb8a82731ba2a6d8e7613acd1289d752eb2026f0f,discovered page; product classification pending
dellner-bubenzer,SKD 35-50-65-80 Active Brake | Products | DELLNER BUBENZER,https://www.dellnerbubenzer.com/products/skd-35-50-65-80-active-brake,d5fef9ecb624ce60b893cb0a95efd2865f25874a107aadd3f6e19ed24cea8234,discovered page; product classification pending
dellner-bubenzer,SKD 4x125 Active Brakes | Products | DELLNER BUBENZER,https://www.dellnerbubenzer.com/products/skd-4x125-active-brakes,8fee0a902e1ac4e7f3ad3492653ec379ddc03159287cf3c763730ed38afd56cf,discovered page; product classification pending
dellner-bubenzer,SKD 90 Active Brakes | Products | DELLNER BUBENZER,https://www.dellnerbubenzer.com/products/skd-90-active-brakes,739c4f863720b85a1413c52f2a80ca9656dfa43a32e304cdad9bb7ca552b25b5,discovered page; product classification pending
dellner-bubenzer,SKD(E ) 100 Electric Active Brake | Products | DELLNER BUBENZER,https://www.dellnerbubenzer.com/products/skde-100-electric-active-brake,24896ff5ad9798f1519fa4665effa7fd71887965f76d9543592cdcd3ad7b0fca,discovered page; product classification pending
dellner-bubenzer,SKD(E )  50 Electric Active Brake | Products | DELLNER BUBENZER,https://www.dellnerbubenzer.com/products/skde-50-electric-active-brake,b84dc9cbee79b1f5f754ed0028e43d49d8235d3b1f8af1669fdaf651bcae9717,discovered page; product classification pending
dellner-bubenzer,SKP 140 Fail Safe Brake | Products | DELLNER BUBENZER,https://www.dellnerbubenzer.com/products/skp-140-fail-safe-brake,3737252d8e96157b9583008c34e9706184e0fbd0205416b9ef03b7fbb769f423,discovered page; product classification pending
dellner-bubenzer,SKP 140 SA Fail Safe Brake | Products | DELLNER BUBENZER,https://www.dellnerbubenzer.com/products/skp-140-sa-fail-safe-brake,eb4b2de829832ff434c375ccd9360b8d1a83dcecb448d581122a252b0596b5e0,discovered page; product classification pending
dellner-bubenzer,SKP 180 A  Fail Safe Brake | Products | DELLNER BUBENZER,https://www.dellnerbubenzer.com/products/skp-180-a-fail-safe-brake,fabcb04e31b00906a3fb11e752ef4a3d5910a685822701695754986f28af74a0,discovered page; product classification pending
dellner-bubenzer,SKP 180 S  Fail Safe Brake | Products | DELLNER BUBENZER,https://www.dellnerbubenzer.com/products/skp-180-s-fail-safe-brake,8f3ad9ff2ce3249f6a021f2acea657c3b1ce3ab66942eee805b4cedbf3bfd4b0,discovered page; product classification pending
dellner-bubenzer,SKP 50 Failsafe Brake | Products | DELLNER BUBENZER,https://www.dellnerbubenzer.com/products/skp-50-fail-safe-brake,cedae886c22c3951fb689895d4c18508a41da9cff1ef01a35d68689e44265d9e,discovered page; product classification pending
dellner-bubenzer,SKP 65 SA Fail Safe Brake | Products | DELLNER BUBENZER,https://www.dellnerbubenzer.com/products/skp-65-sa-fail-safe-brake,7d7f8b58591e18de75eef9b92fa38477e8d01f552d4cebe5cf09d4c7e3dde77d,discovered page; product classification pending
dellner-bubenzer,SKP 95 Fail Safe Brake | Products | DELLNER BUBENZER,https://www.dellnerbubenzer.com/products/skp-95-fail-safe-brake,c8c82325722f5c0f73415d4e25e4037e6601e8b1074248d493d131bd4e7f94fb,discovered page; product classification pending
dellner-bubenzer,SKP 95 SA Fail Safe Brake  | Products | DELLNER BUBENZER,https://www.dellnerbubenzer.com/products/skp-95-sa-fail-safe-brake,74940438fbbc220525a9a174fde87394ed043dd37468de1a62f05b8296ded4ec,discovered page; product classification pending
dellner-bubenzer,EB  | Couplings | Products | DELLNER BUBENZER,https://www.dellnerbubenzer.com/products/eb,26dfcc10ae4016176cce9e3e71356738fbded62608bdfa9744d3b35fea39eb50,discovered page; product classification pending
dellner-bubenzer,ECD  | Couplings | Products | DELLNER BUBENZER,https://www.dellnerbubenzer.com/products/ecd,07de41e7618daf54192f0bdf743b015a636068829e10e907c7f6c079eb69cde2,discovered page; product classification pending
dellner-bubenzer,K  | Products | DELLNER BUBENZER,https://www.dellnerbubenzer.com/products/k,62a11eadeb27af3baf8b9a5d6e55c56779588dbda4b7fef061fdd2a536ed80ef,discovered page; product classification pending
dellner-bubenzer,KB  | Couplings | Products | DELLNER BUBENZER,https://www.dellnerbubenzer.com/products/kb,9f487c136f47cf40065031cbb6b55438dd0621fbb71f20ce2d9a2d9acb0ff17f,discovered page; product classification pending
dellner-bubenzer,KBSD Gear Couplings | Products | DELLNER BUBENZER,https://www.dellnerbubenzer.com/products/kbsd,c01cca903722e22342dc8413b09c036cb2ae5cc5ec6926e5b22e347be26a8942,discovered page; product classification pending
emg,EMG: Safety components for heavy loads ELDRO® & ELHY® | EMG,https://www.emg.elexis.group/solutions/safety-components,bd0558b70103d0bcf09152e0714a4c6226cee27cfe87a6d998d04f16f8160727,discovered page; product classification pending
emg,EMG: Sicherheitskomponenten für Schwerlastlogistik | EMG,https://www.emg.elexis.group/de/loesungen/sicherheitskomponenten,7c4ca6938470efbcbd265ac3107647b02702b67c6fbd8887a00d0e6f2b912666,discovered page; product classification pending
emg,Downloads | EMG,https://www.emg.elexis.group/downloads,12a7a6c2af1988a3c8787a2ed29d4405b158a53df9f944cb4332aeebde236bf9,discovered page; product classification pending
emg,Optimal strip guding with our reliable EMG actuators | EMG,https://www.emg.elexis.group/solutions/strip-guiding-solutions/actuators,3e0cd3f2c58361ccaa0db6d1771af11d992a268d18a39e81c93b1e9aa95f152d,discovered page; product classification pending
emg,EMG ELDROclassic® Electrohydraulic Thruster | EMG,https://www.emg.elexis.group/solutions/safety-components/emg-eldro,7724113365670f04a57a82517d29dd1eb9354c708fe07893197505a327e258ed,discovered page; product classification pending
emg,EMG ELDRO® New Generation of electrohydraulic thrusters | EMG,https://www.emg.elexis.group/solutions/safety-components/emg-eldro-new-generation,4fde592eaef079409be91bfb3eeb8f8f2716bea440b8df36091ed71c27dd289e,discovered page; product classification pending
emg,ELDRO® Electrohydraulic thrusters in explosion-proof design | EMG,https://www.emg.elexis.group/solutions/safety-components/emg-eldro-ex,140f242f3de1fb32ee253ca673f61658257655fb6f149e6ec9c7bb2e3224f29c,discovered page; product classification pending
emg,EMG ELDRO® thruster in direct current version | EMG,https://www.emg.elexis.group/solutions/safety-components/emg-eldro-direct-current,e96b559ace0142e8d9bf95b13a890e3df858619420403a3584c44227945af77d,discovered page; product classification pending
emg,"ELHY® Electrohydraulic thruster: proven, robust lifting equipment | EMG",https://www.emg.elexis.group/solutions/safety-components/emg-elhy,386f6af91560f432f84903edcdbf5cf759ff64fcc45e70b45f1ac1684a36f648,discovered page; product classification pending
emg,Intelligent automation EMG ESSE - Quick response actuator | EMG,https://www.emg.elexis.group/solutions/safety-components/emg-esse,8c82b7d36688fdae8ea78ca4b1cd68925e49071aaccf2f2458b78d18ef2ddf29,discovered page; product classification pending
emg,BRAKEMATIC®: Control for Electrohydraulic Brake Systems | EMG,https://www.emg.elexis.group/solutions/safety-components/emg-brakematic,b220aa3a5e5ad223a1bdbff6de86b713114578eaa9b3286db8537cfd3068a149,discovered page; product classification pending
emg,Electrohydraulic Actuators ELDRO® and ELHY® | EMG,https://www.emg.elexis.group/solutions/safety-components/emg-electrohydraulic-actuators,becc198487f5c4f18520f3ef43b1e00bf642481bc84d40b016cd6a2ac098cc45,discovered page; product classification pending
emg,Exchange EMG ELDRO® and ELHY® thrusters and acutators | EMG,https://www.emg.elexis.group/service/exchange-thrusters,69d6a0b465d0de308b1f6700cd3980142283f1787c19e6a4ccb5c4743ebce7c7,discovered page; product classification pending
emg,Downloads | EMG,https://www.emg.elexis.group/de/downloads,92c70bf27a98b21838faa3315ae9217c8323add60c9ef1de4e0b195ca8fef7eb,discovered page; product classification pending
emg,EMG ELDRO® – der ideale Bremslüfter von EMG | EMG,https://www.emg.elexis.group/de/loesungen/sicherheitskomponenten/emg-eldro,cd3e75ac852269f2a5981079ec1125635e3de3a34c39ade3646efcf10eea2537,discovered page; product classification pending
emg,EMG: ELDRO® - Das Beste aus zwei Welten - die neue Generation | EMG,https://www.emg.elexis.group/de/loesungen/sicherheitskomponenten/emg-eldro-neue-generation,a50650bdf9f1afe6916b3b88de7539b314c36bffaae850c43ff2f666129a358a,discovered page; product classification pending
emg,EMG: ELDRO®-Geräte in explosionsgeschützter Ausführung | EMG,https://www.emg.elexis.group/de/loesungen/sicherheitskomponenten/emg-eldro-ex,d74d415bdbb393e57da425ccf542a78b763847d80e85cd15b110351d1924b9da,discovered page; product classification pending
emg,EMG ELDRO®-Geräte in Gleichstromausführung | EMG,https://www.emg.elexis.group/de/loesungen/sicherheitskomponenten/emg-eldro-gleichstrom,1298cc35b4835af2112204d385c6ba5fa45f201e8d2c4abcc44698f933add6be,discovered page; product classification pending
emg,"ELHY® Electrohydraulic thruster: bewährte, robuste Hubgeräte | EMG",https://www.emg.elexis.group/de/loesungen/sicherheitskomponenten/emg-elhy,4526090f42306132cbdbb78f97a9a2d588f8c045c25b2f0418236ab7b906bfc0,discovered page; product classification pending
emg,Intelligente Automatisierung ESSE – Schnellschlussschieber | EMG,https://www.emg.elexis.group/de/loesungen/sicherheitskomponenten/emg-esse,ef8f2f1092f7366ab25de65e5a527dc6711d704054f939bb765f65d5b0e0df84,discovered page; product classification pending
emg,BRAKEMATIC®: Steuerung für Bremsensysteme | EMG,https://www.emg.elexis.group/de/loesungen/sicherheitskomponenten/emg-brakematic,39fb4e4d19363ff3d3bc9cf5ae09b4a312d893c9400d2490570c2d02e13e6b69,discovered page; product classification pending
emg,Elektrohydraulische Versteller für vielseite Anwendungen | EMG,https://www.emg.elexis.group/de/loesungen/sicherheitskomponenten/emg-elektrohydraulische-aktuatoren,47e3d29cac3f395126e40fa37dfdf7ec355fdb5186f5de539b3f886d33b44f5a,discovered page; product classification pending
emg,Austausch von EMG ELDRO®- und ELHY®-Bremslüftern | EMG,https://www.emg.elexis.group/de/service/austausch-von-bremslueftern,598f0f24003d765e20643e01634658b39786a2d3c2e7ba898d646d3f172d1286,discovered page; product classification pending
emg,Downloads | EMG,https://www.emg.elexis.group/ru/downloads,184ceb52f68eac50d0c44abdf34c9f3a59ddb9af359584e7fe77b42d05f72213,discovered page; product classification pending
emg,Hydraulic control system EMG HST - Individual and precise | EMG,https://www.emg.elexis.group/solutions/strip-guiding-solutions/actuators/hydraulic-control-emg-hst,2f13fee2ebe1d7d47189af2d8a5137df692dec7c81dfc3b2ae0dd298ff81c4a9,discovered page; product classification pending
emg,Hydraulic control and power units EMG HR/HA | EMG,https://www.emg.elexis.group/solutions/strip-guiding-solutions/actuators/hydraulic-control-and-power-units-hr/ha,006d5dab3a30763f085832d9e3c548e6721b2481d4ff613f108366fd9ae788f4,discovered page; product classification pending
emg,EMG ELDRO® — идеальные тормозные толкатели от EMG | EMG,https://www.emg.elexis.group/ru/reshenija/ehlementy-obespechenija-bezopasnosti/emg-eldro,c791b4bea4476a9a975027dcd1ac0f5aecd6f8ec5fd4e23ed997eb9d0096f653,discovered page; product classification pending
emg,EMG ELDRO® – EMG 的理想制动提升装置 | EMG,https://www.emg.elexis.group/zh/%E8%A7%A3%E5%86%B3%E6%96%B9%E6%A1%88/%E9%87%8D%E5%9E%8B%E7%89%A9%E6%B5%81%E7%9A%84%E5%AE%89%E5%85%A8%E7%BB%84%E4%BB%B6/emg-eldro,e8a542ee413a48ad48b5afa746806a4dcc1d9eeb614da0cfe34795482e839514,discovered page; product classification pending
emg,EMG: ELDRO® Новое поколение | EMG,https://www.emg.elexis.group/ru/reshenija/ehlementy-obespechenija-bezopasnosti/emg-eldro-novoe-pokolenie,3658dfc9fa0f70bdc0cf0838338a593bdcf922afd7ce660191ca8338abf54204,discovered page; product classification pending
emg,EMG：ELDRO® 新一代产品 | EMG,https://www.emg.elexis.group/zh/%E8%A7%A3%E5%86%B3%E6%96%B9%E6%A1%88/%E9%87%8D%E5%9E%8B%E7%89%A9%E6%B5%81%E7%9A%84%E5%AE%89%E5%85%A8%E7%BB%84%E4%BB%B6/emg-eldro-%E6%96%B0%E4%B8%80%E4%BB%A3%E4%BA%A7%E5%93%81,5043220ee4529cbd0e7cba71ac733652705e6f8594d15a7474879187a9463790,discovered page; product classification pending
emg,EMG: Устройства ELDRO® в исполнении с защитой от взрывов | EMG,https://www.emg.elexis.group/ru/reshenija/ehlementy-obespechenija-bezopasnosti/emg-eldro-ex,26130d20022f58f8551eebf91a093d5d6da05b98dffcca920e4ba1c295597de8,discovered page; product classification pending
emg,EMG：防爆规格的 ELDRO® 设备 | EMG,https://www.emg.elexis.group/zh/%E8%A7%A3%E5%86%B3%E6%96%B9%E6%A1%88/%E9%87%8D%E5%9E%8B%E7%89%A9%E6%B5%81%E7%9A%84%E5%AE%89%E5%85%A8%E7%BB%84%E4%BB%B6/emg-eldro-ex,253ba0550e9569caa4d6b7ec3e0e3f6fccfd3b5d6dc7a6b9c0f6b1d87a5b3438,discovered page; product classification pending
emg,Устройства EMG ELDRO® серии постоянного тока | EMG,https://www.emg.elexis.group/ru/reshenija/ehlementy-obespechenija-bezopasnosti/eldro-serii-postojannogo-toka,4cc1f2061e60e0f0eff26cd51daa631e97b06269114fb04740dc298edea7cc05,discovered page; product classification pending
emg,直流规格的 EMG ELDRO® 设备 | EMG,https://www.emg.elexis.group/zh/%E8%A7%A3%E5%86%B3%E6%96%B9%E6%A1%88/%E9%87%8D%E5%9E%8B%E7%89%A9%E6%B5%81%E7%9A%84%E5%AE%89%E5%85%A8%E7%BB%84%E4%BB%B6/eldro-%E7%9B%B4%E6%B5%81,24507667e19328219c64da549444823378e649b0f4e0660d359ad48e80ea8d9a,discovered page; product classification pending
emg,Электрогидравлический тормозной толкатель ELHY®: надежные и крепкие подъемники | EMG,https://www.emg.elexis.group/ru/reshenija/ehlementy-obespechenija-bezopasnosti/emg-elhy,651987d18cec7b270e063a58a1104f1aa1b331e2d63a84b49bb2854a9ccaaad0,discovered page; product classification pending
emg,ELHY® 电动液压推动器：久经考验、坚固耐用的升降装置 | EMG,https://www.emg.elexis.group/zh/%E8%A7%A3%E5%86%B3%E6%96%B9%E6%A1%88/%E9%87%8D%E5%9E%8B%E7%89%A9%E6%B5%81%E7%9A%84%E5%AE%89%E5%85%A8%E7%BB%84%E4%BB%B6/emg-elhy,98f1c1dd48c75e633ff34d0a122ea3669be629a0bfeb1288979cd024b814309b,discovered page; product classification pending
emg,BRAKEMATIC®: Управление тормозными системами | EMG,https://www.emg.elexis.group/ru/reshenija/ehlementy-obespechenija-bezopasnosti/emg-brakematic,76a299758084089e04af61349e22d063550e58b7f7a798870c64506d9f38a13c,discovered page; product classification pending
emg,BRAKEMATIC®：电动液压制动系统控制装置 | EMG,https://www.emg.elexis.group/zh/%E8%A7%A3%E5%86%B3%E6%96%B9%E6%A1%88/%E9%87%8D%E5%9E%8B%E7%89%A9%E6%B5%81%E7%9A%84%E5%AE%89%E5%85%A8%E7%BB%84%E4%BB%B6/emg-brakematic,c12823df9d0a081c2daa413051c91cc4afe8a9d6ae3fc9719af0f999941fcddd,discovered page; product classification pending
emg,Элементы обеспечения безопасности в логистике тяжелых грузов ELDRO® & ELHY® | EMG,https://www.emg.elexis.group/ru/reshenija/ehlementy-obespechenija-bezopasnosti,6619dffd3ffd642869f736d31cfa8b3685c47a5182396182cae1954226ca4bbd,discovered page; product classification pending
emg,Замена подруливающих устройств и акутаторов | EMG,https://www.emg.elexis.group/ru/service/podrulivajushchie-ustroistva,87cc70a0e828b17dbaeb9b524232959d066f84df4566ce8aad464337c8817799,discovered page; product classification pending
emg,Индивидуальная гидравлическая система управления EMG HST | EMG,https://www.emg.elexis.group/ru/reshenija/sistemy-regulirovki-khoda-polosy/ispolnitelnye-mekhanizmy/hydraulic-control-emg-hst,c36ff4bd11aaeb22c1f69b8fa6ac768d08dd5f2593321fa870fe2a4748fb260c,discovered page; product classification pending
emg,独立液压控制系统 EMG HST | EMG,https://www.emg.elexis.group/zh/%E8%A7%A3%E5%86%B3%E6%96%B9%E6%A1%88/%E6%9D%BF%E5%B8%A6%E7%BA%A0%E5%81%8F%E7%B3%BB%E7%BB%9F/%E6%89%A7%E8%A1%8C%E6%9C%BA%E6%9E%84/hydraulic-control-emg-hst,3b199d7b9ca840858d8716f7718bcc106e4fcb81b0f41cb8f5e51386a4fa84d4,discovered page; product classification pending
emg,Высокая надежность в любых условиях применения | EMG,https://www.emg.elexis.group/ru/reshenija/sistemy-regulirovki-khoda-polosy/ispolnitelnye-mekhanizmy/hydraulic-control-and-power-units-hr/ha,f06f3608e78a55b289f6c438f40728baeb6118cc8603171f20375bbcdb5398d1,discovered page; product classification pending
emg,液压控制与动力单元 EMG HR/HA | EMG,https://www.emg.elexis.group/zh/%E8%A7%A3%E5%86%B3%E6%96%B9%E6%A1%88/%E6%9D%BF%E5%B8%A6%E7%BA%A0%E5%81%8F%E7%B3%BB%E7%BB%9F/%E6%89%A7%E8%A1%8C%E6%9C%BA%E6%9E%84/hydraulic-control-and-power-units-hr/ha,8bdfdb9916258a63298cede5ec4cd22b9568180ea173679c4a66fe0680e23dc8,discovered page; product classification pending
emg,EMG：重型物流的安全组件 | EMG,https://www.emg.elexis.group/zh/%E8%A7%A3%E5%86%B3%E6%96%B9%E6%A1%88/%E9%87%8D%E5%9E%8B%E7%89%A9%E6%B5%81%E7%9A%84%E5%AE%89%E5%85%A8%E7%BB%84%E4%BB%B6,261f34a3e0632a888117503ee9dae44390461c5d78997e30c948248394e2699b,discovered page; product classification pending
emg,更换 EMG ELDRO® 和 ELHY® 推进器和推进器 | EMG,https://www.emg.elexis.group/zh/service/%E4%BA%A4%E6%8D%A2%E6%8E%A8%E8%BF%9B%E5%99%A8,19ad6bd579fe4c9abd2b733b71c978d68e21f4814c7401d5adb2f7a67df28531,discovered page; product classification pending
galvi,- GALVI NEWCOMEN - GALVI ENGINEERING,http://www.galvi.com/index,006e5bfa0ca0756f6c14b280922548afff2a630aebc092602591801cfc3dba6a,discovered page; product classification pending
galvi,- I Prodotti,http://www.galvi.com/moduli/catalogo/schedatecnica/1,2450e36c33806d28c8f9b2a0df5a18c00e5b40b454f6c08aea03f0c9cf27df77,discovered page; product classification pending
galvi,- I Prodotti,http://www.galvi.com/moduli/catalogo/schedatecnica/2,a751d9654b242e4a9afb840f516a7089954686dd65c19319ec0ac07b0021b3e8,discovered page; product classification pending
galvi,- I Prodotti,http://www.galvi.com/moduli/catalogo/schedatecnica/3,7a4028aa92e1452d5183024686437445cf9c32b6a383cc4d93cd5255325fe33a,discovered page; product classification pending
galvi,- I Prodotti,http://www.galvi.com/moduli/catalogo/schedatecnica/4,6da346c43980c22c257fe701bfbca211b426538195edb7f6a71d96101628fbd0,discovered page; product classification pending
galvi,- I Prodotti,http://www.galvi.com/moduli/catalogo/schedatecnica/5,79ffdc945233152268083f24addcb6ff008cfb8283620052f18ecdf2c5129b81,discovered page; product classification pending
galvi,- I Prodotti,http://www.galvi.com/moduli/catalogo/schedatecnica/6,a20635830310eed55d3bd03fc6521782c2a07df13517bff50221ba232a8d113e,discovered page; product classification pending
galvi,- I Prodotti,http://www.galvi.com/moduli/catalogo/schedatecnica/7,59125204ba1c96d19b1224e0adb1092a052c44e428892c073f654ad6fd20719a,discovered page; product classification pending
galvi,- I Prodotti,http://www.galvi.com/moduli/catalogo/schedatecnica/8,f4e690e755d691e4a824962c639ed0f4705636a91fffb1c560dadb8a733393a4,discovered page; product classification pending
galvi,- I Prodotti,http://www.galvi.com/moduli/catalogo/schedatecnica/9,5bb2b755097cf90d0a35078d1cb5ed316d18bc3264784f9ca96e3995e42665c5,discovered page; product classification pending
galvi,- I Prodotti,http://www.galvi.com/moduli/catalogo/schedatecnica/10,98bec7548f38953e7a0bf6fea55174471355833a5b00d85dcd07feb1392d9cd3,discovered page; product classification pending
galvi,- I Prodotti,http://www.galvi.com/moduli/catalogo/schedatecnica/11,68c6056ac1e7da26051f7d18c638d0d0e4d00d74eb4c45c576e3dbb3051a2866,discovered page; product classification pending
galvi,- I Prodotti,http://www.galvi.com/moduli/catalogo/schedatecnica/12,4a87aaa659417f5b116b36d459360754c7a98f18622deb6285baf798355772d2,discovered page; product classification pending
galvi,- I Prodotti,http://www.galvi.com/moduli/catalogo/schedatecnica/13,af8de92596a2c2118e39116deb77e3b4e81c7e1f21d97a1b02f7f3f01c101eaf,discovered page; product classification pending
galvi,- I Prodotti,http://www.galvi.com/moduli/catalogo/schedatecnica/14,8f22dda3f6c8ffd7b982876253376a66e8e7ff0bdc2e45ef9ffc399a2fb1501b,discovered page; product classification pending
galvi,- I Prodotti,http://www.galvi.com/moduli/catalogo/schedatecnica/15,f507fb92c8f263ed0fb684589c39046e55f130a300f7c9e1c0dcb4f406bf426c,discovered page; product classification pending
galvi,- I Prodotti,http://www.galvi.com/moduli/catalogo/schedatecnica/16,61f7192d124a41744fd7721a136c3f13599eb8cc9d5e6995c7eda987d0e17786,discovered page; product classification pending
galvi,- I Prodotti,http://www.galvi.com/moduli/catalogo/schedatecnica/17,7dd32e5e3c134bdb0bce5d20d046ff12c34bb8c811a9ee375300372cc7056ea8,discovered page; product classification pending
galvi,- I Prodotti,http://www.galvi.com/moduli/catalogo/schedatecnica/18,c261584beb185896b2fe01fce72fa98470e11b6c6663ca931e853a96dfc31420,discovered page; product classification pending
galvi,- I Prodotti,http://www.galvi.com/moduli/catalogo/schedatecnica/19,cefa5c46ca4c9d017dd327c458b38ce6f8e60920e95458e43c113a119005d67c,discovered page; product classification pending
galvi,- I Prodotti,http://www.galvi.com/moduli/catalogo/schedatecnica/20,7e75e3580f0e2a51c170b39d632d1823faa5745dce15153ff564b1c6697857b9,discovered page; product classification pending
galvi,- I Prodotti,http://www.galvi.com/moduli/catalogo/schedatecnica/21,2d68c75fb67d275b711aab3d9c7ca960f54ad6b3199ba6fb6bedb31c67ec215a,discovered page; product classification pending
galvi,- I Prodotti,http://www.galvi.com/moduli/catalogo/schedatecnica/22,ce0bd74cf3723565fdd2571d914ee09866e8140c19199f113136eec5dc2f7e28,discovered page; product classification pending
galvi,- I Prodotti,http://www.galvi.com/moduli/catalogo/schedatecnica/23,c637b96c50f4019fa806cff10262c372ff4619e96936de51196a55916399ef2e,discovered page; product classification pending
galvi,- I Prodotti,http://www.galvi.com/moduli/catalogo/schedatecnica/24,064f718dee91c91c98c708986f3119140b388ae4395a7099d6d505f67397b55c,discovered page; product classification pending
galvi,- I Prodotti,http://www.galvi.com/moduli/catalogo/schedatecnica/25,f87ac50cc921a078d4ab11007210565bf80287bf4ac3d1a1e853d58ab065ced1,discovered page; product classification pending
galvi,- I Prodotti,http://www.galvi.com/moduli/catalogo/schedatecnica/26,178111093832b44172d72623143e2daca20332d50929c0fbbc5c8115ae4f169d,discovered page; product classification pending
galvi,- I Prodotti,http://www.galvi.com/moduli/catalogo/schedatecnica/27,135f0c1d39bd47179c4c3a0cd201a7e7043479ceb26ddd02902c9c4775866d1b,discovered page; product classification pending
galvi,- I Prodotti,http://www.galvi.com/moduli/catalogo/schedatecnica/28,c2ebf855eefe97e4935bffdb53b3c46414d87ea9c96b1cb3c2e2d75a12c46218,discovered page; product classification pending
galvi,- I Prodotti,http://www.galvi.com/moduli/catalogo/schedatecnica/29,516f4ca833ed4b5394151101794769864d45f7e5ffffd8c38a0af087fe8f06f3,discovered page; product classification pending
galvi,- I Prodotti,http://www.galvi.com/moduli/catalogo/schedatecnica/30,b7b4c3fb2fc8abb1d6e9c9d411f6a0c7cc20cf0ac4ce38be86b3611212affaa6,discovered page; product classification pending
galvi,- I Prodotti,http://www.galvi.com/moduli/catalogo/schedatecnica/31,1bf1c1fae63643b9eb9b06c9888b6bf6699461c306676d398f8678ab10bffe0a,discovered page; product classification pending
galvi,- I Prodotti,http://www.galvi.com/moduli/catalogo/schedatecnica/32,797ed6b42c39e1c00a30b865394aaee68c351629259358b71bc58d32a5e981d1,discovered page; product classification pending
galvi,- I Prodotti,http://www.galvi.com/moduli/catalogo/schedatecnica/33,dff1ae4b6e22de81767ce4563829491531e84a492cc498f3e19e7d3f5c4f55a5,discovered page; product classification pending
galvi,- I Prodotti,http://www.galvi.com/moduli/catalogo/schedatecnica/34,d61e8e41539a498900e5d23375025e09f5ed774b8932e8a031edef0567181bf6,discovered page; product classification pending
galvi,- I Prodotti,http://www.galvi.com/moduli/catalogo/schedatecnica/35,fa491822c898c43766f63482c086a67e1da9b1f4e29342b3766485a34daf3a7b,discovered page; product classification pending
galvi,- I Prodotti,http://www.galvi.com/moduli/catalogo/schedatecnica/36,8f221ba21e370b5fb8ce0eac6d1d0ad6d225f92c0291cd1661474eb937217365,discovered page; product classification pending
galvi,- I Prodotti,http://www.galvi.com/moduli/catalogo/schedatecnica/37,5d56f2372ba85c5d28da6c41c349b1cccbb51499150c14686e4b12356fedb5aa,discovered page; product classification pending
galvi,- I Prodotti,http://www.galvi.com/moduli/catalogo/lista/1,1fcf691ef5120564f582f044e9f785fef2cee2bfe4ed46b73b8df73f1d8490b4,discovered page; product classification pending
galvi,- Richiesta Cataloghi,http://www.galvi.com/moduli/catalogo/form,99713ad225770e915c8a55c45b35db205eda2f14601cccfdbb18849100f5fd13,discovered page; product classification pending
galvi,- I Prodotti,http://www.galvi.com/moduli/catalogo/lista/2,22a5cb759f2f8486164215079c45a24694bd9a9ec0eea4f541169aff0dd722f9,discovered page; product classification pending
galvi,- I Prodotti,http://www.galvi.com/moduli/catalogo/lista/3,95905149c3b84cd78d1af7748ffd5e3c4e9c6aae2e7eaa746521a3821ec86894,discovered page; product classification pending
galvi,- I Prodotti,http://www.galvi.com/moduli/catalogo/lista/4,7b303f641e3a56ab805f719410fe342a6ff2a33430581c459819ee2f9fcb743b,discovered page; product classification pending
mondel,300M Mill Duty Brakes | Columbus McKinnon,https://www.cmco.com/en-ae/products/power-and-motion-technology/brakes/brake-products/300m-mill-duty-brakes/,18f81e0ff369559e187d94b9add9643c15321dcc21bc116ea4971ce94bd521a7,discovered page; product classification pending
mondel,Freios de Guindaste Aéreo de Serviço Industrial 200S | Columbus McKinnon,https://www.cmco.com/pt-br/Produtos/Tecnologia-de-potencia-e-movimento/Freios/Produtos-de-freio/freios-industriais-200s/,3f3ccdaf7804f3495a14a04d7975ca0baf4d3a75d20be0aa4752a03811a06b98,discovered page; product classification pending
mondel,Crane Brake Accessories | CMCO,https://www.cmco.com/en-ae/products/power-and-motion-technology/brakes/brake-accessories/,bf85dc1ed01a7a2808efc1935383c848120616714aa6a3db6cbc0fc797cf35a5,discovered page; product classification pending
mondel,Crane Brake Products | CMCO,https://www.cmco.com/en-ae/products/power-and-motion-technology/brakes/brake-products/,7a077107a9aa1265f8fbbb94536751cd721f804c6d8112e4c95f321500f404f6,discovered page; product classification pending
mondel,Crane Brakes | CMCO,https://www.cmco.com/en-ae/products/power-and-motion-technology/brakes/,2394ff2ea1c6240a01a0d982672537fe46ff717230562a8a7017d79635d7b755,discovered page; product classification pending
mondel,Braketronic® Controller | CMCO,https://www.cmco.com/en-ae/products/power-and-motion-technology/brakes/brake-accessories/braketronic-controller/,4a9d4983f19806b7fa4342dd3e314e3fc6dd4bf3e25a495dc830fd7296a9c91c,discovered page; product classification pending
mondel,Motor Mounted Crane Brakes | Columbus McKinnon,https://www.cmco.com/en-ae/products/power-and-motion-technology/brakes/brake-products/motor-mounted-brakes/,ae5d0e78d439883191a4ed601dbaf337fac13ba1d8de6cd9c96eaeb181e042a9,discovered page; product classification pending
mondel,Custom Crane Brakes | Columbus McKinnon,https://www.cmco.com/en-ae/products/power-and-motion-technology/brakes/brake-products/custom-engineered-brakes/,a3bd3a740ef1429ad35ec63b310436955281f8de3cdd61ccce0a2c065ac506bb,discovered page; product classification pending
mondel,200S Industrial Duty Overhead Crane Brakes | Columbus McKinnon,https://www.cmco.com/en-ae/products/power-and-motion-technology/brakes/brake-products/200s-industrial-duty-brakes/,23c8d1bb59073561835180806d8031b1c42c40d81d909db92ce1cbc7c0c0e3c5,discovered page; product classification pending
mondel,400D Heavy Duty Disc Brakes | Columbus McKinnon,https://www.cmco.com/en-ae/products/power-and-motion-technology/brakes/brake-products/400d-heavy-duty-disc-brakes/,abe16920648c28cf4db1bc716322f2adc3a46ca949b801c6d6e93f526252c23d,discovered page; product classification pending
mondel,Vertical Industrial Brakes | Columbus McKinnon,https://www.cmco.com/en-ae/products/power-and-motion-technology/brakes/brake-products/vertical-brakes/,59774a2d4101d2f593b842250745650b8adafccb734a320c4c2b43fed2684e03,discovered page; product classification pending
mondel,Mondel Brake Wheels | CMCO,https://www.cmco.com/en-ae/products/power-and-motion-technology/brakes/brake-accessories/mondel-brake-wheels/,911bd7c75b0bcc5eab95f2f1ae65613cb52b53f24818f7e01d53486f1d14d684,discovered page; product classification pending
mondel,Brake Enclosures | CMCO,https://www.cmco.com/en-ae/products/power-and-motion-technology/brakes/brake-accessories/brake-enclosures/,14f3a7a9c31082a77a00c635881feddcd050147fe9a7390d157fc40d9f7dfdef,discovered page; product classification pending
mondel,Mondel Brake Rectifier | CMCO,https://www.cmco.com/en-ae/products/power-and-motion-technology/brakes/brake-accessories/mondel-brake-rectifier/,772b626c3a9478ddacd564ed793bdf10fc63a79e42e08a58571f6d806c4f9e1d,discovered page; product classification pending
mondel,Hy-Thrust Actuators | CMCO,https://www.cmco.com/en-ae/products/power-and-motion-technology/brakes/brake-accessories/hy-thrust-actuators/,eba411e4381b78235057be457a35d3cc81c613c5d933491b520a61a787abfc2e,discovered page; product classification pending
sibre,SIBRE - Siegerland Bremsen GmbH - Sure to be safe.,https://www.sibre.de/en/,b4975f2686bf24467ed797fec91e47dd39fd50d6a510247bac77b3180c433e98,discovered page; product classification pending
sibre,Downloads - SIBRE - Siegerland Bremsen GmbH,https://www.sibre.de/downloads/,9b53cc27c0c50dc6889e6bc1515ab993734cd4f586e4fb2f2a6932bca5bd120d,discovered page; product classification pending
sibre,Produkte - SIBRE - Siegerland Bremsen GmbH,https://www.sibre.de/en/products/,caddbc077c55b6f0a7e59221c087bdb6fb8b00a6542b7319c14175ac40b4fd55,discovered page; product classification pending
sibre,Downloads - SIBRE - Siegerland Bremsen GmbH,https://www.sibre.de/en/downloads/,98843690794a216d21353b2129735a5cf8dc35e3c4b3b8d05bc7eef302c99b1f,discovered page; product classification pending
sibre,USB 5 - SIBRE - Siegerland Bremsen GmbH,https://www.sibre.de/en/bremsen/usb-5/,1166793b046f1c316bbb8ca13f33d3d967fc2f12aac0ff432dd7c9186b3fbbc8,discovered page; product classification pending
sibre,Betriebsbremsen - SIBRE - Siegerland Bremsen GmbH,https://www.sibre.de/en/products/service-brakes-mining/,73d9d7011988e59cd0b336c1429c720c615307463406c7abe7680cfb94b03950,discovered page; product classification pending
sibre,SHI - SIBRE - Siegerland Bremsen GmbH,https://www.sibre.de/en/bremsen/shi/,4a753a8182522d3003909e1e29268a778f97a38b96d834b956c3c6a630bd7652,discovered page; product classification pending
sibre,Sturmbremsen - SIBRE - Siegerland Bremsen GmbH,https://www.sibre.de/en/products/storm-brakes/,59538390df096e683d9cba73178a321103999fa4e8cbd0464345932f577118cd,discovered page; product classification pending
sibre,Kupplungen - SIBRE - Siegerland Bremsen GmbH,https://www.sibre.de/en/products/couplings/,8a8004df63f7e60a9be009112b3d46140d5a9d87e9c274f1df9f472c00bd00fb,discovered page; product classification pending
sibre,Kranpuffer - SIBRE - Siegerland Bremsen GmbH,https://www.sibre.de/en/bremsen/buffers/,e4e097dfa657abe8d925933043a107aa6e20fe8a99cca99c79399746fb998d3a,discovered page; product classification pending
sibre,Downloads - SIBRE - Siegerland Bremsen GmbH,https://www.sibre.de/ru/downloads/,c8403a8dd8947dbee7b3a74b63887e7dc4f2025281d90ffe6c5e32e8c492326c,discovered page; product classification pending
sibre,Produkte - SIBRE - Siegerland Bremsen GmbH,https://www.sibre.de/ru/products/,bf885bf97ec233697ac92a103f284c00ccd0d45dfd3d68f32060dfdedc08861d,discovered page; product classification pending
sibre,Produkte - SIBRE - Siegerland Bremsen GmbH,https://www.sibre.de/es/productos/,48994ed2fb59f0b8c96e4c3ea0d57f010a8e699e2e4e893d0c82570e9a2c9757,discovered page; product classification pending
sibre,Kompakt CB8 / CB6 - SIBRE - Siegerland Bremsen GmbH,https://www.sibre.de/en/bremsen/kompakt-cb8-cb6/,73cd71f868d3852434940c296382ae188ca8271da5f4452bfc6fbf0f13a9309e,discovered page; product classification pending
sibre,Typ TE - SIBRE - Siegerland Bremsen GmbH,https://www.sibre.de/en/bremsen/typ-te/,d19850cd59d74e8e07071318516d5f8207256eba7fea5f97bc4f9cbe5c46a52e,discovered page; product classification pending
sibre,TEXU - SIBRE - Siegerland Bremsen GmbH,https://www.sibre.de/en/bremsen/texu/,cbecbcd5f7e7dd6ccd5fab4e7d6724d7587b6f97e6d96b681e630ab5f22d867f,discovered page; product classification pending
sibre,USB 5 - SIBRE - Siegerland Bremsen GmbH,https://www.sibre.de/bremsen/usb-5/,1d6aee3cc866abe949b2b704ff7fd6a6de8c9e0a9b4fe7e12d317ab34b03f493,discovered page; product classification pending
sibre,USB 5 - SIBRE - Siegerland Bremsen GmbH,https://www.sibre.de/ru/bremsen/usb-5/,932fe94d63d348667003bc9c19263fe93723762a87d35561ca08ad7a38194e8d,discovered page; product classification pending
sibre,USB 5 - SIBRE - Siegerland Bremsen GmbH,https://www.sibre.de/es/bremsen/usb-5/,30a7fb7c30e2dd4eb37e73bbbf2ffe92c49f57a0c5a39d22abe95bf0d1cc160a,discovered page; product classification pending
sibre,USB 5 - SIBRE - Siegerland Bremsen GmbH,https://www.sibre.de/fr/bremsen/usb-5/,5c25659982679c9ca1f6e9bf757184e6ed8fc3f54a1813cbbf27ba333f04b965,discovered page; product classification pending
sibre,Betriebsbremsen - SIBRE - Siegerland Bremsen GmbH,https://www.sibre.de/produkte/betriebsbremsen/,c87417fc66a51031d447f6b18429c55a103a23c380a2be627df2474507f6de6c,discovered page; product classification pending
sibre,Betriebsbremsen - SIBRE - Siegerland Bremsen GmbH,https://www.sibre.de/ru/products/service-brakes-mining/,db33fdad6d208fd3d75b622824b7ccc17e2ee38aa62aeef37f89adb4b2ea55ba,discovered page; product classification pending
sibre,Betriebsbremsen - SIBRE - Siegerland Bremsen GmbH,https://www.sibre.de/es/productos/frenos-de-servicio-mining/,7671e5f5ada3f3606a7cc41d43ce7291789f0f22abea26e8105973be27210538,discovered page; product classification pending
sibre,Hydraulik-Aggregate - SIBRE - Siegerland Bremsen GmbH,https://www.sibre.de/en/bremsen/hydraulik-aggregate/,2f1012d4e4a7264e3a1dbee941a459d77a6c204788831265ebaa746e755b23ea,discovered page; product classification pending
sibre,Sicherheitsbremsen - SIBRE - Siegerland Bremsen GmbH,https://www.sibre.de/en/products/safety-brakes-mining/,5a7db18378c0bab6d6420ddf76f98e43694eae0c5ac747488c70bfb32d652b39,discovered page; product classification pending
sibre,SHI - SIBRE - Siegerland Bremsen GmbH,https://www.sibre.de/bremsen/shi/,6eb1e7a8232e00f2c6f3ed81d24851d5dca53d3e55252d3b6600bb1aab466a34,discovered page; product classification pending
sibre,SHI - SIBRE - Siegerland Bremsen GmbH,https://www.sibre.de/ru/bremsen/shi/,6666557d6649fb5c86aeb1a63a3534821e0ff3225ed85270f976be8c148bffc2,discovered page; product classification pending
sibre,SHI - SIBRE - Siegerland Bremsen GmbH,https://www.sibre.de/es/bremsen/shi/,087f67a4daa92cd1257379d24a6a6407e147c236afd8347b5c0c89b85731c39a,discovered page; product classification pending
sibre,SHI - SIBRE - Siegerland Bremsen GmbH,https://www.sibre.de/fr/bremsen/shi/,f88279ad42aaef8b7f3c937600471c4dd77779a2063719e8b3b054b612bf7b57,discovered page; product classification pending
sibre,RB - SIBRE - Siegerland Bremsen GmbH,https://www.sibre.de/en/bremsen/rb/,586cec347ef4488f83c77a655d1ba54900a4aa5506c5498d75cf6f38dce2b55c,discovered page; product classification pending
sibre,RHI - SIBRE - Siegerland Bremsen GmbH,https://www.sibre.de/en/bremsen/rhi/,3be3adb295020d460c3d9380fd887ad98cfdf11a5d4c8dbae3173a4e0f916aee,discovered page; product classification pending
sibre,RKB - SIBRE - Siegerland Bremsen GmbH,https://www.sibre.de/en/bremsen/rkb/,5461fbc2822a350ec6e416e77572c1f5bd68fed19ce3b183e9e3d9f4911062b0,discovered page; product classification pending
sibre,RPS - SIBRE - Siegerland Bremsen GmbH,https://www.sibre.de/en/bremsen/rps/,f8a1d1430b20cde3dd66da6e751ef6a25e19c105e3daf024ac7c2b1d7644c1c7,discovered page; product classification pending
sibre,RTCB - SIBRE - Siegerland Bremsen GmbH,https://www.sibre.de/en/bremsen/rtcb/,ff7aa8b2eba717ad09166614c2475b60117ec676e9e84606382e53ab9a92b0fd,discovered page; product classification pending
sibre,Sturmbremsen - SIBRE - Siegerland Bremsen GmbH,https://www.sibre.de/produkte/sturmbremsen/,0b9d56b3e9c48a34bd211d79d87373ee7d99f326a33601d00846bf4f8f0178e3,discovered page; product classification pending
sibre,Sturmbremsen - SIBRE - Siegerland Bremsen GmbH,https://www.sibre.de/ru/products/storm-brakes/,dfb51e0522648c88d688152ebc8dd25bbb51da4d6df9dbdb5c7e8662d5ddbc40,discovered page; product classification pending
sibre,Sturmbremsen - SIBRE - Siegerland Bremsen GmbH,https://www.sibre.de/es/productos/frenos-de-tormenta/,43a50fd6d0e73973199cf3d90f9ff60a537042e6f1d3e85252db5e8c76ced00f,discovered page; product classification pending
sibre,Low speed - SIBRE - Siegerland Bremsen GmbH,https://www.sibre.de/en/bremsen/abc-v/,2980dee975e67a479002b62f19d1c78fca43918643cb9abfac87bf271dd323ad,discovered page; product classification pending
sibre,High speed - SIBRE - Siegerland Bremsen GmbH,https://www.sibre.de/en/bremsen/afc-90/,e18e66f8ae2c86d68e5c16cd8b651bf242f63fba4599a34a03645aa06395c4d9,discovered page; product classification pending
sibre,Kupplungen - SIBRE - Siegerland Bremsen GmbH,https://www.sibre.de/ru/products/couplings/,0bae7b5f17004c1d35dc233212795bf06a821c59ef68387cacbf8f6ffd699ba7,discovered page; product classification pending
sibre,Kupplungen - SIBRE - Siegerland Bremsen GmbH,https://www.sibre.de/es/productos/acoplamientos/,d53a3f0316dbb70db1cf10973bc87b85ee7066faa1ac1c62b8f6ad1c61ac2d61,discovered page; product classification pending
sibre,Kranpuffer - SIBRE - Siegerland Bremsen GmbH,https://www.sibre.de/bremsen/kranpuffer/,2c26b6f1cfda546dd90d6ee7c1c9a4bb560c3f0a531488d44b662b663155d428,discovered page; product classification pending
sibre,Kranpuffer - SIBRE - Siegerland Bremsen GmbH,https://www.sibre.de/ru/bremsen/buffers/,163edeff875ae1d78d1cc0a28c8dfc4684a6e9fce3be86f7956520bf6864df1c,discovered page; product classification pending
sibre,Kranpuffer - SIBRE - Siegerland Bremsen GmbH,https://www.sibre.de/es/bremsen/amortiguadores/,095530ad19378c2e2f34343b854f6ba6aa21ce31ba9952cd7b776d79496cd33e,discovered page; product classification pending
sibre,Kranpuffer - SIBRE - Siegerland Bremsen GmbH,https://www.sibre.de/fr/bremsen/buttes/,6cdc49636605c55155283e7895a16f27d9bbeb6245c919e776d299d142e75b90,discovered page; product classification pending
sibre,Betriebsbremsen - SIBRE - Siegerland Bremsen GmbH,https://www.sibre.de/en/branchen/container-handling/service-brakes/,3d6006176e14394187031f8bd57bb3169691219575d27d2913d557d6f9634a30,discovered page; product classification pending
sibre,Kompakt CB8 / CB6 - SIBRE - Siegerland Bremsen GmbH,https://www.sibre.de/bremsen/kompakt-cb8-cb6/,9510f53bcda9bb68dc06c373870f84eac02cdc2976473cdc49518958e36af50a,discovered page; product classification pending
sibre,Kompakt CB8 / CB6 - SIBRE - Siegerland Bremsen GmbH,https://www.sibre.de/ru/bremsen/kompakt-cb8-cb6/,6a6656a24407914d22debb059a5b357cea7eb7e548d28cc544f5bb9b1dd26f9e,discovered page; product classification pending
sibre,Kompakt CB8 / CB6 - SIBRE - Siegerland Bremsen GmbH,https://www.sibre.de/es/bremsen/kompakt-cb8-cb6/,9347d3dee6654ef431363b57f60dffed824d906818e5891ff57e086bc23d9898,discovered page; product classification pending
sibre,Kompakt CB8 / CB6 - SIBRE - Siegerland Bremsen GmbH,https://www.sibre.de/fr/bremsen/kompakt-cb8-cb6/,8f53399d28bd114b2931426baed69dd20db30cac61c98bf08894064b31f2b749,discovered page; product classification pending
sibre,Typ TE - SIBRE - Siegerland Bremsen GmbH,https://www.sibre.de/bremsen/typ-te/,728c10d6b586dcd5983ec22d6237467498a94fd9cd71e1938d32ade9f7411767,discovered page; product classification pending
sibre,Typ TE - SIBRE - Siegerland Bremsen GmbH,https://www.sibre.de/ru/bremsen/typ-te/,d81c8585c81e665c955ef68a329c7ca410ffe4a1ff33eeaee642e00725da026e,discovered page; product classification pending
sibre,Typ TE - SIBRE - Siegerland Bremsen GmbH,https://www.sibre.de/es/bremsen/typ-te/,20d5ef156bf99d65538e1a6ce81e54c3f9e098e4a5dc21afc13db8de6d4b7188,discovered page; product classification pending
sibre,Typ TE - SIBRE - Siegerland Bremsen GmbH,https://www.sibre.de/fr/bremsen/typ-te/,e32d3259bd0bf2de1deb35fcbb44c2748c2dac714901933fd3830ef63927aca8,discovered page; product classification pending
sibre,TEXU - SIBRE - Siegerland Bremsen GmbH,https://www.sibre.de/bremsen/texu/,130c073cecf571e7dd071815ac99386f247d502910289713e5fe5dd857081098,discovered page; product classification pending
sibre,TEXU - SIBRE - Siegerland Bremsen GmbH,https://www.sibre.de/ru/bremsen/texu/,926abbec2debccdd1604451b8a161e79f28666799cd1e8574f43ee6f38c0f975,discovered page; product classification pending
sibre,TEXU - SIBRE - Siegerland Bremsen GmbH,https://www.sibre.de/es/bremsen/texu/,2abba3f7ede0deadaa60c793f5161b2886a1ab5942f3cad8ba2da23aab3fb9a2,discovered page; product classification pending
sibre,TEXU - SIBRE - Siegerland Bremsen GmbH,https://www.sibre.de/fr/bremsen/texu/,f768bb333058085adaa704c7a2cb64eafe14a7ce76f54ec7612cabbdcf137b83,discovered page; product classification pending
sibre,Betriebsbremsen - SIBRE - Siegerland Bremsen GmbH,https://www.sibre.de/fr/produits/freins-de-service-mining/,485734075309425d89f9a317b3acd1ca4603c0d1033ab4afd3cba0ce638ebc44,discovered page; product classification pending
sibre,Sturmbremsen - SIBRE - Siegerland Bremsen GmbH,https://www.sibre.de/fr/produits/freins-de-rails/,3549dcfe3d9496a37ba0480ff74db4a1279a4d7eacd5994430e7faa9680bb5be,discovered page; product classification pending
sibre,Hydraulik-Aggregate - SIBRE - Siegerland Bremsen GmbH,https://www.sibre.de/bremsen/hydraulik-aggregate/,b8f9d65995a61d1a255a12f125d52ec0f7fcaaf8a428d7b44ae51bbbc04335d6,discovered page; product classification pending
sibre,Hydraulik-Aggregate - SIBRE - Siegerland Bremsen GmbH,https://www.sibre.de/ru/bremsen/hydraulik-aggregate/,2ecb04ace9b03c2d1f8b268470bcbf546f696f96f2bc3c2ac737b6e2e28e5637,discovered page; product classification pending
sibre,Hydraulik-Aggregate - SIBRE - Siegerland Bremsen GmbH,https://www.sibre.de/es/bremsen/hydraulik-aggregate/,b2a334d6a5b350073d67ae90e017e823b389a7e9d8b70528d07d45ad451dd471,discovered page; product classification pending
sibre,Hydraulik-Aggregate - SIBRE - Siegerland Bremsen GmbH,https://www.sibre.de/fr/bremsen/hydraulik-aggregate/,dd136cfaf95ff03ca6a2addb5ec570c0454d58a630d90aa1649d238162ee5cdc,discovered page; product classification pending
sibre,Sicherheitsbremsen - SIBRE - Siegerland Bremsen GmbH,https://www.sibre.de/produkte/sicherheitsbremsen/,a79099467f34d04a99f07ded9bbef6859401a85000e7d11e04a3b2df788935aa,discovered page; product classification pending
sibre,Sicherheitsbremsen - SIBRE - Siegerland Bremsen GmbH,https://www.sibre.de/ru/products/safety-brakes-mining/,a533d83f1a6ee9e932e6ca824166fbad49600239d853bfc2f6bc6840ac53f7e0,discovered page; product classification pending
sibre,Sicherheitsbremsen - SIBRE - Siegerland Bremsen GmbH,https://www.sibre.de/es/productos/frenos-de-emergencia-mining/,67333448ed9ceb961099f891373d69a0a085e6ee20c524488d944df2b7ac207f,discovered page; product classification pending
sibre,RB - SIBRE - Siegerland Bremsen GmbH,https://www.sibre.de/bremsen/rb/,66c89bf77290c99a82efda06b5dfa2755ce34f0d72a3379e2da914d26ffd5577,discovered page; product classification pending
sibre,RB - SIBRE - Siegerland Bremsen GmbH,https://www.sibre.de/ru/bremsen/rb/,a1748ef3f575d52a450dd51b8c6f0b0b76414fbc7cf0774068d4bb4ee0574064,discovered page; product classification pending
sibre,RB - SIBRE - Siegerland Bremsen GmbH,https://www.sibre.de/es/bremsen/rb/,aea5ba35a15a7ab06f594ac5976f59a267f83a9bbd847d63f2f5b94c38e5251d,discovered page; product classification pending
sibre,RB - SIBRE - Siegerland Bremsen GmbH,https://www.sibre.de/fr/bremsen/rb/,d628ccf24952a7d53ddef1cd7d36f9d43619ae258ccaf9ef76173796c8e42c91,discovered page; product classification pending
sibre,RHI - SIBRE - Siegerland Bremsen GmbH,https://www.sibre.de/bremsen/rhi/,ecb6d1b713a855cce3ec622828daaa47618994acd2b638f08f7c7f3ae15f771f,discovered page; product classification pending
stromag,Catalogs,https://www.altraliterature.com/brand/stromag/catalogs,eff6d4988b4d038d75885d696cced55ee1b17eebf78f298df251c9a23a152dc5,discovered page; product classification pending
stromag,Brochures,https://www.altraliterature.com/brand/stromag/brochures,3c03bfeea0e855cf30ae042d48a1177d5365cdf98dc1beb1270fe6bbc3acbf7d,discovered page; product classification pending
stromag,Success Stories,https://www.altraliterature.com/brand/stromag/application-profiles,fc3af2988f8a040495cd736d7f12ab17e6eb73e457c34ad91f30ca597af489b6,discovered page; product classification pending
stromag,Articles,https://www.altraliterature.com/brand/stromag/articles,d5ff2b9583eee277ea8687090f9d707a9a168addbc90ad2cc64be14ac144d47c,discovered page; product classification pending
stromag,Innovation Spotlights,https://www.altraliterature.com/brand/stromag/innovation-spotlights,517e250162119944226804c285a05e0dcf2f2c92efc93a7b273a1eb4f4daf16a,discovered page; product classification pending
stromag,Certificates,https://www.altraliterature.com/brand/stromag/certificates,e62d3545c0d05d41a6f745ee93d9030a648c94fdedaf8417f9e4827aabd86050,discovered page; product classification pending
stromag,Forms,https://www.altraliterature.com/brand/stromag/forms,18b4fc26035ecc34d5273ec171de8fa256ab4a755be306db58e1a94528915a20,discovered page; product classification pending
svendborg,Svendborg Brakes - 360° BRAKE SOLUTIONS,https://www.svendborg-brakes.com/products/,8b495e9e62d4240da834e2eb7909d7f9b2fbb787ef0624562838db27d483559c,discovered page; product classification pending
svendborg,Svendborg Brakes - 360° BRAKE SOLUTIONS,https://www.svendborg-brakes.com/,99f2d74b5a6bd387b176b73d6ec709b8b2e9e7f357fe9886521c4916b653de87,discovered page; product classification pending
svendborg,Svendborg Brakes - 360° BRAKE SOLUTIONS,https://www.svendborg-brakes.com/services/,a2a2620396fd352acbe75051e1489a684332ac143a86232d79d959dea2a5ef6d,discovered page; product classification pending
svendborg,Svendborg Brakes - 360° BRAKE SOLUTIONS,https://www.svendborg-brakes.com/services/design/,6a07ba07962865ff8e18bb65d2c4662f0b37f5ea5f6bee1a21d095d99baa0356,discovered page; product classification pending
svendborg,Svendborg Brakes - 360° BRAKE SOLUTIONS,https://www.svendborg-brakes.com/services/products/,8e82ce27486de8fa1b0e796766b632b8d91214a2db34a70ad8861d08572f02a4,discovered page; product classification pending
svendborg,Svendborg Brakes - 360° BRAKE SOLUTIONS,https://www.svendborg-brakes.com/services/supply-chain/,7f136c5fcc2e2865578d22c4db8cf3bd0f3396fadd73e4539cec9d7a739a42da,discovered page; product classification pending
svendborg,Svendborg Brakes - 360° BRAKE SOLUTIONS,https://www.svendborg-brakes.com/services/aftermarket/,43886e71d35fa8ef0e9534d17798e7888362fcc2a62382468c6962c926f04f82,discovered page; product classification pending
svendborg,Svendborg Brakes - 360° BRAKE SOLUTIONS,https://www.svendborg-brakes.com/services/aftermarket/roadshow/,3709d1565ad8a86b41c7e62fdf992eb848fb7937d300e97e36f0c86a62b3e740,discovered page; product classification pending
svendborg,Svendborg Brakes - 360° BRAKE SOLUTIONS,https://www.svendborg-brakes.com/services/aftermarket/service-support/,ccd1aedc70fed7d097d07f99d4dc0d9a244a175d9f06a96f4ab760da5afe529a,discovered page; product classification pending
svendborg,Svendborg Brakes - 360° BRAKE SOLUTIONS,https://www.svendborg-brakes.com/services/aftermarket/genuine-parts/,5d98065539d4e0ff587ffaee94015e85d4b978605969538eed4088ce1af5a671,discovered page; product classification pending
svendborg,Svendborg Brakes - 360° BRAKE SOLUTIONS,https://www.svendborg-brakes.com/services/aftermarket/authentication/,c702a2fbd91d394b66e6e2687aee4c9bf7d54c9c81f6d8484eda2fac363fe368,discovered page; product classification pending
svendborg,Svendborg Brakes - 360° BRAKE SOLUTIONS,https://www.svendborg-brakes.com/services/aftermarket/service-tools/,337d918f82c82193cb9dfdc64fcea16a6401b5f18d552b91ed89b65d63402551,discovered page; product classification pending
svendborg,Svendborg Brakes - 360° BRAKE SOLUTIONS,https://www.svendborg-brakes.com/services/aftermarket/yaw-disc-resurfacing/,b2cbe0c75ba66d4ff2d75e828cdb987ba408e7947c200afc18bcf233da1b51d1,discovered page; product classification pending
svendborg,Svendborg Brakes - 360° BRAKE SOLUTIONS,https://www.svendborg-brakes.com/services/aftermarket/green-friction-material/,d193ab78ac3ddbbbc33394ac3cb3de04b21fb3c8ac911ac383351780f3a572e9,discovered page; product classification pending
svendborg,Svendborg Brakes - 360° BRAKE SOLUTIONS,https://www.svendborg-brakes.com/services/aftermarket/buy-online/,c788ad26b9b908a3d7fe263f796ab7d305dd5f546d1950d0bbc87c444abbffa8,discovered page; product classification pending
svendborg,Svendborg Brakes - 360° BRAKE SOLUTIONS,https://www.svendborg-brakes.com/services/aftermarket/service-support-app/,8eae9541378cba37ec44c2d52d8e797fac8bbdf22f95fb000407b654ecf1fd00,discovered page; product classification pending
svendborg,Svendborg Brakes - 360° BRAKE SOLUTIONS,https://www.svendborg-brakes.com/markets/,4b1e3d18d9175c6122cbe02cef097a3eb129c2223002b4a19a45bee10f234f4d,discovered page; product classification pending
svendborg,Svendborg Brakes - 360° BRAKE SOLUTIONS,https://www.svendborg-brakes.com/markets/wind/,1302261e4d3ef89af60d5abfa426bf422587b5919fe5dd94e6afad493ef49c07,discovered page; product classification pending
svendborg,Svendborg Brakes - 360° BRAKE SOLUTIONS,https://www.svendborg-brakes.com/markets/mining/,8de0db758de99d1ef14e230999332cdb83d863d0c4a80a7be794f119d435f2ea,discovered page; product classification pending
svendborg,Svendborg Brakes - 360° BRAKE SOLUTIONS,https://www.svendborg-brakes.com/markets/container-handling/,99c4899d7df4ae3827211c0cecc3d82873994b80bff847443c0ab9f8fc80c27f,discovered page; product classification pending
svendborg,Svendborg Brakes - 360° BRAKE SOLUTIONS,https://www.svendborg-brakes.com/markets/container-handling/brakes/,291c6996802a62bf5ba66251cb2640eab2ca41e1235082fbb6e78b417b73b975,discovered page; product classification pending
svendborg,Svendborg Brakes - 360° BRAKE SOLUTIONS,https://www.svendborg-brakes.com/markets/container-handling/hydraulic-power-units/,17577eeb7e9e5c84db627a837057ee330c39c5aa8c6d4cc4e4e76bfca3b1f679,discovered page; product classification pending
svendborg,Svendborg Brakes - 360° BRAKE SOLUTIONS,https://www.svendborg-brakes.com/markets/container-handling/controlled-braking/,f9c2f18f6af94a53a97ce54c676842d395e39c892c5dc0c4d84551d24202b723,discovered page; product classification pending
svendborg,Svendborg Brakes - 360° BRAKE SOLUTIONS,https://www.svendborg-brakes.com/markets/container-handling/monitoring/,aadd90baed519657244819d8c7322eec4af803c8c6b8abb24fd91a1fedd4d4da,discovered page; product classification pending
svendborg,Svendborg Brakes - 360° BRAKE SOLUTIONS,https://www.svendborg-brakes.com/markets/container-handling/braking-simulator/,66ebf11075e8d6cb7d859b5e48d2a0eab564329f45abb3130c75668d53deb9a5,discovered page; product classification pending
svendborg,Svendborg Brakes - 360° BRAKE SOLUTIONS,https://www.svendborg-brakes.com/markets/container-handling/barrel-couplings/,f647088a73fcd30f0980e0ae42f52c2c683f4a2dd2a27d0e71b35d56774bf035,discovered page; product classification pending
svendborg,Svendborg Brakes - 360° BRAKE SOLUTIONS,https://www.svendborg-brakes.com/markets/container-handling/discs-couplings/,bb86bd3f77cf8e7b22a1a9fa9302c68509489954d86e55fc29402eef86e404f4,discovered page; product classification pending
svendborg,Svendborg Brakes - 360° BRAKE SOLUTIONS,https://www.svendborg-brakes.com/markets/container-handling/buffers/,19f8c8cca02904dc4c1e88bcfb4ba7776a36c0702cfa7a6c1eccd722592363f9,discovered page; product classification pending
svendborg,Svendborg Brakes - 360° BRAKE SOLUTIONS,https://www.svendborg-brakes.com/markets/container-handling/limit-switches/,7796f9a439f793183d6b81f48a881c316137ba39a599bab5c4a30caeb1921a58,discovered page; product classification pending
svendborg,Svendborg Brakes - 360° BRAKE SOLUTIONS,https://www.svendborg-brakes.com/markets/container-handling/other-products/,abf4f6f73488b573e129bd9b174863663b2f69600bc4db486617762232f4950e,discovered page; product classification pending
svendborg,Svendborg Brakes - 360° BRAKE SOLUTIONS,https://www.svendborg-brakes.com/markets/container-handling/tailor-made-solutions/,a7247fe5377deb046f1f65d2297d218cdcbda191029281f430752e8ebd8465a8,discovered page; product classification pending
svendborg,Svendborg Brakes - 360° BRAKE SOLUTIONS,https://www.svendborg-brakes.com/markets/container-handling/aftermarket/,40d068bf274f510f274df0441c25e4b72af5d6ff3ccc140c059a7b9329666ac8,discovered page; product classification pending
svendborg,Svendborg Brakes - 360° BRAKE SOLUTIONS,https://www.svendborg-brakes.com/markets/oil-gas/,ce2cdaa9510bfb377886b02bbcdb37fa62d9b6bcdfcb58161ec70a0947b75653,discovered page; product classification pending
svendborg,Svendborg Brakes - 360° BRAKE SOLUTIONS,https://www.svendborg-brakes.com/markets/marine/,83964bbd4692fde035cd0c1f895eda02987d6421895f694b00132cd4bc68fbde,discovered page; product classification pending
svendborg,Svendborg Brakes - 360° BRAKE SOLUTIONS,https://www.svendborg-brakes.com/markets/hydro/,cc3155f7cac7e497c0831dbad3686471810157ebb84ab1ed9b904bc9ec59cc8d,discovered page; product classification pending
svendborg,Svendborg Brakes - 360° BRAKE SOLUTIONS,https://www.svendborg-brakes.com/markets/tidal/,c2e6927b7a19d727b913af2a7b31fa74c033965297ee1d5b35e289e57ac2d2ad,discovered page; product classification pending
svendborg,Svendborg Brakes - 360° BRAKE SOLUTIONS,https://www.svendborg-brakes.com/markets/other/,752421eb931ebafd2f6e8f347b8e51f25a7d3e0e2f3573d73de523ff326bdcab,discovered page; product classification pending
svendborg,Svendborg Brakes - 360° BRAKE SOLUTIONS,https://www.svendborg-brakes.com/products/hydraulic-brakes/,6d4aa977480748d22acc41647a0a2ecf7bd8db8c302bbc3aec52f497a995fbde,discovered page; product classification pending
svendborg,Svendborg Brakes - 360° BRAKE SOLUTIONS,https://www.svendborg-brakes.com/products/hydraulic-brakes/active-brakes/,43e07ac60bf929806f132ec34082364e1c581281a077ec533d76e7d231e1a7de,discovered page; product classification pending
svendborg,Svendborg Brakes - 360° BRAKE SOLUTIONS,https://www.svendborg-brakes.com/products/hydraulic-brakes/failsafe-brakes/,d6a891994272600942498359b35fac563726767d4a9d1f84c60212b7714de96f,discovered page; product classification pending
svendborg,Svendborg Brakes - 360° BRAKE SOLUTIONS,https://www.svendborg-brakes.com/products/hydraulic-power-units/,bd9a6afd3938194363d39db2fd2c48430f4c3030485e4fe904efa99ce96f4441,discovered page; product classification pending
svendborg,Svendborg Brakes - 360° BRAKE SOLUTIONS,https://www.svendborg-brakes.com/products/brake-pads/,e5dcea418630a13bdde4b92cb87d9adc81f073ec1d4f41298276da0294d019f9,discovered page; product classification pending
svendborg,Svendborg Brakes - 360° BRAKE SOLUTIONS,https://www.svendborg-brakes.com/products/brake-pads/brake-pads-organic/,98fac1db5108f0ee88578e8f1358d859d7353cd293fa6b8ba6e8901369387c15,discovered page; product classification pending
svendborg,Svendborg Brakes - 360° BRAKE SOLUTIONS,https://www.svendborg-brakes.com/products/brake-pads/brake-pads-sinter/,c617bcc09b7f2d8671dbc61b069f33b3a10bec509dd064d308167aaa1fbf7be0,discovered page; product classification pending
svendborg,Svendborg Brakes - 360° BRAKE SOLUTIONS,https://www.svendborg-brakes.com/products/brake-pads/brake-pads-green-solution/,0c654e90f01634c6244b1721fff880b31eb4b751ba74127504f72929339d5784,discovered page; product classification pending
svendborg,Svendborg Brakes - 360° BRAKE SOLUTIONS,https://www.svendborg-brakes.com/products/brake-pads/brake-pads-polymer/,dba89a0f6b98512fe3191042d3f76c28832cd5b096f221ce73bfe2f38d5e53f9,discovered page; product classification pending
svendborg,Svendborg Brakes - 360° BRAKE SOLUTIONS,https://www.svendborg-brakes.com/products/connectivity/,7d4028f88a6c51d58802a3f3682706d289982761ded29c9af366a951c3a9a433,discovered page; product classification pending
svendborg,Svendborg Brakes - 360° BRAKE SOLUTIONS,https://www.svendborg-brakes.com/products/connectivity/gateway/,ab42f19b31f324fe4864953cbc7d12c0624745b981939e07b2d1c993230432a0,discovered page; product classification pending
svendborg,Svendborg Brakes - 360° BRAKE SOLUTIONS,https://www.svendborg-brakes.com/products/connectivity/uccase/,923b879cb329bf419840be90588eff60a6d9dc3808862eeeba6af3c2be1c9169,discovered page; product classification pending
svendborg,Svendborg Brakes - 360° BRAKE SOLUTIONS,https://www.svendborg-brakes.com/products/connectivity/braking-controls/,d2db7b6fd901678b2c12930b6edc4f93e8c3a170fe7248374876c2aa6931d8c3,discovered page; product classification pending
svendborg,Svendborg Brakes - 360° BRAKE SOLUTIONS,https://www.svendborg-brakes.com/products/braking-controls/,2a372058ebe46c090d0d49e2d9c00c69003f2ecadf7fdcb91394167c0922c710,discovered page; product classification pending
svendborg,Svendborg Brakes - 360° BRAKE SOLUTIONS,https://www.svendborg-brakes.com/products/cooling-systems/,8407196e710fae250a30ad2056d4b97a6a50208da0d2625071148107e6f630cc,discovered page; product classification pending
svendborg,Svendborg Brakes - 360° BRAKE SOLUTIONS,https://www.svendborg-brakes.com/products/couplings/,19226fdd751909db15a06bc82c7f8ef9bcac72c68f589eaf90c9f91fd3982679,discovered page; product classification pending
svendborg,Svendborg Brakes - 360° BRAKE SOLUTIONS,https://www.svendborg-brakes.com/products/yaw-systems/,669c725243b79465d7f77683b9e0ae8c8fef04959fdf847f38b7a5bcb83ac747,discovered page; product classification pending
svendborg,Svendborg Brakes - 360° BRAKE SOLUTIONS,https://www.svendborg-brakes.com/products/thruster-brakes/,14e780a91e1c0a31816870eb07889437472f9734548fb9379b5b58de8b41f968,discovered page; product classification pending
svendborg,Svendborg Brakes - 360° BRAKE SOLUTIONS,https://www.svendborg-brakes.com/products/rotor-locks/,6eeba4976cd6e63b069faa6df26ece60c4369f0972ced2dda531dcc9a3b54c29,discovered page; product classification pending
svendborg,Svendborg Brakes - 360° BRAKE SOLUTIONS,https://www.svendborg-brakes.com/products/storm-brakes/,892279a71a7287cf0df2c342b8a937031eacb0a2599ee40e07cd19f55360e867,discovered page; product classification pending
svendborg,Svendborg Brakes - 360° BRAKE SOLUTIONS,https://www.svendborg-brakes.com/products/brake-discs/,d1da4a4cc34d183a4b6d55efc6397e5bc64efd8b7b5a88e99ce998073da3ab3d,discovered page; product classification pending
svendborg,Svendborg Brakes - 360° BRAKE SOLUTIONS,https://www.svendborg-brakes.com/products/service-tools/,91e4fa99c83c5cd44029021382b58416bcb6feb5d41d451c4747f33fea313064,discovered page; product classification pending
svendborg,Svendborg Brakes - 360° BRAKE SOLUTIONS,https://www.svendborg-brakes.com/products/service-tools/disc-resurfacing-tools/,6ea35979ca6ded71b46ab238431d75af7a2eb61bb2526757e52fc3ef4ed471c9,discovered page; product classification pending
svendborg,Svendborg Brakes - 360° BRAKE SOLUTIONS,https://www.svendborg-brakes.com/products/service-tools/lifting-tools/,b841ad39e837d1e997f07fb797479796c126bbdeba7f8306023311ff407a7db4,discovered page; product classification pending
svendborg,Svendborg Brakes - 360° BRAKE SOLUTIONS,https://www.svendborg-brakes.com/products/service-tools/yaw-noise-reduction/,16f3385d68998132ad8fd94afeb4f024396c94732f8c9aa76df17741b9457bcc,discovered page; product classification pending
svendborg,Svendborg Brakes - 360° BRAKE SOLUTIONS,https://www.svendborg-brakes.com/products/service-tools/piston-extractor/,b026fa3738b55e6665fe03d8f9b551ecdb3fd4aadc3949da89a2b90cf9237161,discovered page; product classification pending
svendborg,Svendborg Brakes - 360° BRAKE SOLUTIONS,https://www.svendborg-brakes.com/products/spare-parts/,6d945ed4d651e4b6a05113818e51390bb63663003a2265da9a2e26c596173086,discovered page; product classification pending
svendborg,Svendborg Brakes - 360° BRAKE SOLUTIONS,https://www.svendborg-brakes.com/company/,88f074aa329acd52414fd045367ef426c5d3f36c81f21c1898a7ddb59db9e2be,discovered page; product classification pending
svendborg,Svendborg Brakes - 360° BRAKE SOLUTIONS,https://www.svendborg-brakes.com/company/about-us/,e28f3117a33dffaf4ee047ddd643eea1cc28a86427c542d776cc3e67f573fa34,discovered page; product classification pending
svendborg,Svendborg Brakes - 360° BRAKE SOLUTIONS,https://www.svendborg-brakes.com/company/about-us/global-footprint/,6b11c24efa6a047033da8b29e962703bc783658726ab84822d63bed9bde31c99,discovered page; product classification pending
svendborg,Svendborg Brakes - 360° BRAKE SOLUTIONS,https://www.svendborg-brakes.com/company/about-us/safety/,8c1c877d2765d61f92406749aca710e3666a1329f5cd747cd2453dd40f75c652,discovered page; product classification pending
svendborg,Svendborg Brakes - 360° BRAKE SOLUTIONS,https://www.svendborg-brakes.com/company/about-us/corporate-social-responsibility/,18510959205299b3d441007d89da7c36f59be1ade7b824e30ae2cf2eeaa83298,discovered page; product classification pending
svendborg,Svendborg Brakes - 360° BRAKE SOLUTIONS,https://www.svendborg-brakes.com/company/about-us/certificates/,7ec855839e719a4bd4e1d025f8dc9c107fa1b46658fc3279d1a84404ce458771,discovered page; product classification pending
svendborg,Svendborg Brakes - 360° BRAKE SOLUTIONS,https://www.svendborg-brakes.com/company/resources/,2c8193cf3f3953652f813fb49f2bad7c9b40da7ce7c58d78e8f1cbba82da24a7,discovered page; product classification pending
svendborg,Svendborg Brakes - 360° BRAKE SOLUTIONS,https://www.svendborg-brakes.com/company/resources/case-studies/,7764db391483c285979dcc5c04a4a0c380e5367eb18455be02197440fe23170c,discovered page; product classification pending
svendborg,Svendborg Brakes - 360° BRAKE SOLUTIONS,https://www.svendborg-brakes.com/company/resources/film/,40a1d69a5ffe775ca02fc1ccd64e310d9a156e5716b8d9f073abb41e433811f9,discovered page; product classification pending
svendborg,Svendborg Brakes - 360° BRAKE SOLUTIONS,https://www.svendborg-brakes.com/company/resources/spotlights/,ddb9fe000fe8e318a297099eb06b9c19256fd6d6cbbc518122e9934e8bfbefbc,discovered page; product classification pending
svendborg,Svendborg Brakes - 360° BRAKE SOLUTIONS,https://www.svendborg-brakes.com/company/roadshow/,b5f78e8885729b5114a722e972e83decb43c656189eee3beca6ea021b4938b24,discovered page; product classification pending
twiflex,Catalogs | Twiflex Limited,https://www.altraliterature.com/brand/twiflex-limited/catalogs,419e0b210c805177ba73a9bbfffaf12fad13ef2a9870a7fb540fff9b5feb97ee,discovered page; product classification pending
twiflex,Certificates | Twiflex Limited,https://www.altraliterature.com/brand/twiflex-limited/certificates,847236daf0981d1f972e159dc42bd12d618d5bf959e6cfbbcd1c1479db4cd5cf,discovered page; product classification pending
twiflex,Brochures | Twiflex Limited,https://www.altraliterature.com/brand/twiflex-limited/brochures,451d0f8681421629a02b6dfd388fb5d2fff4c645e10b924053a58f5527867488,discovered page; product classification pending
twiflex,Success Stories | Twiflex Limited,https://www.altraliterature.com/brand/twiflex-limited/application-profiles,56175d687fb4f0e6c516fbe6d33342384a2f487be79bb215f211e4bcb03597b5,discovered page; product classification pending
twiflex,Innovation Spotlights | Twiflex Limited,https://www.altraliterature.com/brand/twiflex-limited/innovation-spotlights,57d25b9e4a7e552a49f6ce556a91b46f2816169b7750cd818f0b39ca61111c3a,discovered page; product classification pending
twiflex,Articles | Twiflex Limited,https://www.altraliterature.com/brand/twiflex-limited/articles,3e35cad80fac521e12a5021a35f1f12304c29381358b9807cc8c2d0a73a31576,discovered page; product classification pending
twiflex,Service Manuals | Twiflex Limited,https://www.altraliterature.com/brand/twiflex-limited/service-manuals,f1eb51bb34f26a3b685bb07449162a33e068f2861b5657694a058c0d909f6070,discovered page; product classification pending
twiflex,Industrial Brake Calipers |  TwiflexLiterature,https://www.altraliterature.com/brand/twiflex-limited/catalogs/p-1648-tf,057173fb7d929b6b1f50772d7b4d35e9d403bbccb9c178d97281c65aae0ff000,discovered page; product classification pending
